score,self_coops,opp_coops,mut_coops,ppd,class
238,4,0,0,0.1,3
375.0,250,250,250,0.1,4
375.0,250,250,250,0.1,2
375.0,250,250,250,0.1,5
375.0,250,250,250,0.1,2
363.0,246,246,242,0.1,4
238,4,0,0,0.1,3
368.5,153,200,151,0.1,5
241,3,0,0,0.1,3
375.0,250,250,250,0.1,4
376.5,247,250,247,0.1,2
372.0,3,126,2,0.1,5
375.5,249,250,249,0.1,2
333.0,236,236,222,0.1,4
241,3,0,0,0.1,3
375.0,250,250,250,0.1,5
375.0,250,250,250,0.1,4
235,5,0,0,0.1,3
235,5,0,0,0.1,3
375.0,250,250,250,0.1,4
376.0,248,250,248,0.1,2
368.5,3,125,1,0.1,5
375.0,250,250,250,0.1,2
375.0,250,250,250,0.1,5
241,3,0,0,0.1,3
372.0,249,249,248,0.1,4
375.0,250,250,250,0.1,2
368.0,4,125,2,0.1,5
376.0,248,250,248,0.1,2
375.0,250,250,250,0.1,4
241,3,0,0,0.1,3
375.0,250,250,250,0.1,5
241,3,0,0,0.1,3
369.0,248,248,246,0.1,4
375.0,250,250,250,0.1,2
375.0,250,250,250,0.1,5
375.5,249,250,249,0.1,2
375.0,250,250,250,0.1,4
241,3,0,0,0.1,3
375.0,250,250,250,0.1,5
372.0,249,249,248,0.1,4
238,4,0,0,0.1,3
241,3,0,0,0.1,3
372.0,249,249,248,0.1,4
375.0,250,250,250,0.1,2
375.0,248,249,248,0.1,5
376.0,248,250,248,0.1,2
375.0,250,250,250,0.1,5
238,4,0,0,0.1,3
375.0,250,250,250,0.1,4
375.0,250,250,250,0.1,2
365,3,124,0,0.1,5
375.5,249,250,249,0.1,2
375.0,250,250,250,0.1,4
241,3,0,0,0.1,3
375.0,250,250,250,0.1,5
238,4,0,0,0.1,3
360.0,245,245,240,0.1,4
375.0,250,250,250,0.1,2
365,3,124,0,0.1,5
375.5,249,250,249,0.1,2
375.0,250,250,250,0.1,4
238,4,0,0,0.1,3
375.0,250,250,250,0.1,5
363.0,246,246,242,0.1,4
238,4,0,0,0.1,3
241,3,0,0,0.1,3
351.0,242,242,234,0.1,4
375.0,250,250,250,0.1,2
375.0,250,250,250,0.1,5
375.0,250,250,250,0.1,2
375.0,250,250,250,0.1,5
241,3,0,0,0.1,3
363.0,246,246,242,0.1,4
375.0,250,250,250,0.1,2
365,3,124,0,0.1,5
375.5,249,250,249,0.1,2
366.0,247,247,244,0.1,4
241,3,0,0,0.1,3
365,3,124,0,0.1,5
241,3,0,0,0.1,3
375.0,250,250,250,0.1,4
375.5,249,250,249,0.1,2
371.5,172,210,171,0.1,5
375.0,250,250,250,0.1,2
372.0,249,249,248,0.1,4
238,4,0,0,0.1,3
375.0,250,250,250,0.1,5
375.0,250,250,250,0.1,4
235,5,0,0,0.1,3
238,4,0,0,0.1,3
375.0,250,250,250,0.1,4
375.5,249,250,249,0.1,2
365,3,124,0,0.1,5
375.0,250,250,250,0.1,2
361.0,80,161,76,0.1,5
241,3,0,0,0.1,3
375.0,250,250,250,0.1,4
375.0,250,250,250,0.1,2
371.5,52,150,51,0.1,5
375.0,250,250,250,0.1,2
369.0,248,248,246,0.1,4
241,3,0,0,0.1,3
375.0,250,250,250,0.1,5
241,3,0,0,0.1,3
375.0,250,250,250,0.1,4
375.0,250,250,250,0.1,2
375.0,250,250,250,0.1,5
375.5,249,250,249,0.1,2
351.0,242,242,234,0.1,4
241,3,0,0,0.1,3
365,3,124,0,0.1,5
375.0,250,250,250,0.1,4
232,6,0,0,0.1,3
238,4,0,0,0.1,3
360.0,245,245,240,0.1,4
375.0,250,250,250,0.1,2
371.5,70,159,69,0.1,5
375.0,250,250,250,0.1,2
375.0,250,250,250,0.1,5
241,3,0,0,0.1,3
375.0,250,250,250,0.1,4
375.5,249,250,249,0.1,2
372.0,209,229,208,0.1,5
376.0,248,250,248,0.1,2
375.0,250,250,250,0.1,4
238,4,0,0,0.1,3
375.0,250,250,250,0.1,5
238,4,0,0,0.1,3
375.0,250,250,250,0.1,4
375.0,250,250,250,0.1,2
365,3,124,0,0.1,5
375.5,249,250,249,0.1,2
357.0,244,244,238,0.1,4
238,4,0,0,0.1,3
365,3,124,0,0.1,5
375.0,250,250,250,0.1,4
241,3,0,0,0.1,3
238,4,0,0,0.1,3
372.0,249,249,248,0.1,4
375.5,249,250,249,0.1,2
375.0,250,250,250,0.1,5
375.5,249,250,249,0.1,2
361.0,236,239,232,0.1,5
241,3,0,0,0.1,3
375.0,250,250,250,0.1,4
375.0,250,250,250,0.1,2
375.0,250,250,250,0.1,5
375.5,249,250,249,0.1,2
372.0,249,249,248,0.1,4
238,4,0,0,0.1,3
375.0,250,250,250,0.1,5
238,4,0,0,0.1,3
372.0,249,249,248,0.1,4
375.5,249,250,249,0.1,2
375.0,250,250,250,0.1,5
375.0,250,250,250,0.1,2
375.0,250,250,250,0.1,4
238,4,0,0,0.1,3
368.5,3,125,1,0.1,5
375.0,250,250,250,0.1,4
238,4,0,0,0.1,3
238,4,0,0,0.1,3
375.0,250,250,250,0.1,4
375.5,249,250,249,0.1,2
375.0,250,250,250,0.1,5
375.5,249,250,249,0.1,2
375.0,250,250,250,0.1,5
241,3,0,0,0.1,3
375.0,250,250,250,0.1,4
375.0,250,250,250,0.1,2
375.0,250,250,250,0.1,5
375.5,249,250,249,0.1,2
375.0,250,250,250,0.1,4
238,4,0,0,0.1,3
372.0,131,190,130,0.1,5
241,3,0,0,0.1,3
366.0,247,247,244,0.1,4
375.0,250,250,250,0.1,2
365,3,124,0,0.1,5
375.0,250,250,250,0.1,2
375.0,250,250,250,0.1,4
241,3,0,0,0.1,3
375.0,250,250,250,0.1,5
375.0,250,250,250,0.1,4
238,4,0,0,0.1,3
238,4,0,0,0.1,3
375.0,250,250,250,0.1,4
375.5,249,250,249,0.1,2
375.0,250,250,250,0.1,5
375.0,250,250,250,0.1,2
371.5,248,248,247,0.1,5
238,4,0,0,0.1,3
375.0,250,250,250,0.1,4
375.0,250,250,250,0.1,2
375.0,250,250,250,0.1,5
375.5,249,250,249,0.1,2
375.0,250,250,250,0.1,4
241,3,0,0,0.1,3
375.0,250,250,250,0.1,5
238,4,0,0,0.1,3
375.0,250,250,250,0.1,4
375.5,249,250,249,0.1,2
371.5,168,208,167,0.1,5
375.5,249,250,249,0.1,2
375.0,250,250,250,0.1,4
238,4,0,0,0.1,3
368.0,96,171,94,0.1,5
375.0,250,250,250,0.1,4
238,4,0,0,0.1,3
238,4,0,0,0.1,3
375.0,250,250,250,0.1,4
375.0,250,250,250,0.1,2
368.0,4,125,2,0.1,5
376.0,248,250,248,0.1,2
375.0,250,250,250,0.1,5
238,4,0,0,0.1,3
375.0,250,250,250,0.1,4
375.0,250,250,250,0.1,2
375.0,250,250,250,0.1,5
375.5,249,250,249,0.1,2
375.0,250,250,250,0.1,4
238,4,0,0,0.1,3
375.0,250,250,250,0.1,5
238,4,0,0,0.1,3
375.0,250,250,250,0.1,4
375.0,250,250,250,0.1,2
375.0,250,250,250,0.1,5
375.0,250,250,250,0.1,2
375.0,250,250,250,0.1,4
238,4,0,0,0.1,3
375.0,250,250,250,0.1,5
375.0,250,250,250,0.1,4
238,4,0,0,0.1,3
238,4,0,0,0.1,3
375.0,250,250,250,0.1,4
375.0,250,250,250,0.1,2
375.0,250,250,250,0.1,5
375.5,249,250,249,0.1,2
375.0,250,250,250,0.1,5
241,3,0,0,0.15,3
375.0,250,250,250,0.15,4
375.0,250,250,250,0.15,2
368.5,3,125,1,0.15,5
375.0,250,250,250,0.15,2
372.0,249,249,248,0.15,4
241,3,0,0,0.15,3
368.5,3,125,1,0.15,5
241,3,0,0,0.15,3
249,1,2,0,0.15,4
375.0,250,250,250,0.15,2
368.0,4,125,2,0.15,5
376.0,248,250,248,0.15,2
375.0,250,250,250,0.15,4
241,3,0,0,0.15,3
375.0,250,250,250,0.15,5
369.0,248,248,246,0.15,4
241,3,0,0,0.15,3
238,4,0,0,0.15,3
375.0,250,250,250,0.15,4
376.0,248,250,248,0.15,2
365,3,124,0,0.15,5
375.0,250,250,250,0.15,2
375.0,250,250,250,0.15,5
241,3,0,0,0.15,3
375.0,250,250,250,0.15,4
375.0,250,250,250,0.15,2
368.0,14,130,12,0.15,5
375.5,249,250,249,0.15,2
375.0,250,250,250,0.15,4
238,4,0,0,0.15,3
375.0,250,250,250,0.15,5
241,3,0,0,0.15,3
363.0,246,246,242,0.15,4
375.0,250,250,250,0.15,2
365,3,124,0,0.15,5
375.0,250,250,250,0.15,2
372.0,249,249,248,0.15,4
238,4,0,0,0.15,3
375.0,250,250,250,0.15,5
375.0,250,250,250,0.15,4
238,4,0,0,0.15,3
238,4,0,0,0.15,3
375.0,250,250,250,0.15,4
375.0,250,250,250,0.15,2
375.0,250,250,250,0.15,5
375.0,250,250,250,0.15,2
375.0,250,250,250,0.15,5
241,3,0,0,0.15,3
375.0,250,250,250,0.15,4
375.0,250,250,250,0.15,2
372.0,189,219,188,0.15,5
375.0,250,250,250,0.15,2
375.0,250,250,250,0.15,4
238,4,0,0,0.15,3
365,3,124,0,0.15,5
238,4,0,0,0.15,3
372.0,249,249,248,0.15,4
376.0,248,250,248,0.15,2
368.5,3,125,1,0.15,5
375.0,250,250,250,0.15,2
250.0,3,4,2,0.15,4
238,4,0,0,0.15,3
375.0,250,250,250,0.15,5
375.0,250,250,250,0.15,4
238,4,0,0,0.15,3
241,3,0,0,0.15,3
345.0,240,240,230,0.15,4
375.0,250,250,250,0.15,2
371.5,64,156,63,0.15,5
375.0,250,250,250,0.15,2
364.5,200,222,197,0.15,5
238,4,0,0,0.15,3
246.0,5,6,2,0.15,4
375.0,250,250,250,0.15,2
375.0,250,250,250,0.15,5
375.5,249,250,249,0.15,2
375.0,250,250,250,0.15,4
238,4,0,0,0.15,3
368.5,3,125,1,0.15,5
238,4,0,0,0.15,3
375.0,250,250,250,0.15,4
375.5,249,250,249,0.15,2
371.5,4,126,3,0.15,5
375.0,250,250,250,0.15,2
366.0,247,247,244,0.15,4
238,4,0,0,0.15,3
375.0,250,250,250,0.15,5
372.0,249,249,248,0.15,4
238,4,0,0,0.15,3
238,4,0,0,0.15,3
366.0,247,247,244,0.15,4
375.5,249,250,249,0.15,2
375.0,250,250,250,0.15,5
375.0,250,250,250,0.15,2
358,5,123,0,0.15,5
241,3,0,0,0.15,3
369.0,248,248,246,0.15,4
375.0,250,250,250,0.15,2
371.5,134,191,133,0.15,5
375.5,249,250,249,0.15,2
366.0,247,247,244,0.15,4
238,4,0,0,0.15,3
371.5,4,126,3,0.15,5
241,3,0,0,0.15,3
372.0,249,249,248,0.15,4
375.5,249,250,249,0.15,2
375.0,250,250,250,0.15,5
375.0,250,250,250,0.15,2
369.0,248,248,246,0.15,4
241,3,0,0,0.15,3
375.0,250,250,250,0.15,5
375.0,250,250,250,0.15,4
235,5,0,0,0.15,3
238,4,0,0,0.15,3
345.0,240,240,230,0.15,4
375.5,249,250,249,0.15,2
375.0,248,249,248,0.15,5
375.0,250,250,250,0.15,2
375.0,250,250,250,0.15,5
238,4,0,0,0.15,3
375.0,250,250,250,0.15,4
375.0,250,250,250,0.15,2
375.0,250,250,250,0.15,5
375.0,250,250,250,0.15,2
248.0,4,5,2,0.15,4
241,3,0,0,0.15,3
375.0,250,250,250,0.15,5
238,4,0,0,0.15,3
363.0,246,246,242,0.15,4
375.5,249,250,249,0.15,2
368.0,116,181,114,0.15,5
375.5,249,250,249,0.15,2
375.0,250,250,250,0.15,4
241,3,0,0,0.15,3
372.0,3,126,2,0.15,5
375.0,250,250,250,0.15,4
241,3,0,0,0.15,3
241,3,0,0,0.15,3
372.0,249,249,248,0.15,4
375.5,249,250,249,0.15,2
375.0,250,250,250,0.15,5
375.5,249,250,249,0.15,2
368.0,248,247,246,0.15,5
244,2,0,0,0.15,3
359.5,244,244,239,0.15,4
375.0,250,250,250,0.15,2
375.0,250,250,250,0.15,5
375.0,250,250,250,0.15,2
339.0,238,238,226,0.15,4
241,3,0,0,0.15,3
375.0,250,250,250,0.15,5
241,3,0,0,0.15,3
357.0,244,244,238,0.15,4
376.0,248,250,248,0.15,2
368.5,5,126,3,0.15,5
376.0,248,250,248,0.15,2
247.5,3,4,1,0.15,4
244,2,0,0,0.15,3
365,3,124,0,0.15,5
375.0,250,250,250,0.15,4
238,4,0,0,0.15,3
238,4,0,0,0.15,3
369.0,248,248,246,0.15,4
375.0,250,250,250,0.15,2
365,3,124,0,0.15,5
375.0,250,250,250,0.15,2
368.0,244,245,242,0.15,5
238,4,0,0,0.15,3
366.0,247,247,244,0.15,4
375.5,249,250,249,0.15,2
371.5,10,129,9,0.15,5
375.5,249,250,249,0.15,2
372.0,249,249,248,0.15,4
244,2,0,0,0.15,3
375.0,250,250,250,0.15,5
241,3,0,0,0.15,3
366.0,247,247,244,0.15,4
375.5,249,250,249,0.15,2
368.5,3,125,1,0.15,5
375.5,249,250,249,0.15,2
248.0,4,5,2,0.15,4
238,4,0,0,0.15,3
372.0,3,126,2,0.15,5
372.0,249,249,248,0.15,4
241,3,0,0,0.15,3
238,4,0,0,0.15,3
339.0,238,238,226,0.15,4
375.5,249,250,249,0.15,2
375.0,250,250,250,0.15,5
375.5,249,250,249,0.15,2
375.0,250,250,250,0.15,5
241,3,0,0,0.15,3
369.0,248,248,246,0.15,4
375.0,250,250,250,0.15,2
371.5,4,126,3,0.15,5
375.0,250,250,250,0.15,2
375.0,250,250,250,0.15,4
238,4,0,0,0.15,3
375.0,250,250,250,0.15,5
241,3,0,0,0.15,3
375.0,250,250,250,0.15,4
375.5,249,250,249,0.15,2
375.0,250,250,250,0.15,5
375.0,250,250,250,0.15,2
375.0,250,250,250,0.15,4
241,3,0,0,0.15,3
368.5,3,125,1,0.15,5
372.0,249,249,248,0.15,4
235,5,0,0,0.15,3
241,3,0,0,0.15,3
363.0,246,246,242,0.15,4
375.5,249,250,249,0.15,2
375.0,250,250,250,0.15,5
375.0,250,250,250,0.15,2
354.0,232,235,226,0.15,5
244,2,0,0,0.15,3
247.5,3,4,1,0.15,4
375.5,249,250,249,0.15,2
371.5,190,219,189,0.15,5
375.5,249,250,249,0.15,2
375.0,250,250,250,0.15,4
238,4,0,0,0.15,3
372.0,3,126,2,0.15,5
241,3,0,0,0.15,3
318.0,231,231,212,0.15,4
375.5,249,250,249,0.15,2
365,3,124,0,0.15,5
376.0,248,250,248,0.15,2
375.0,250,250,250,0.15,4
241,3,0,0,0.15,3
375.0,250,250,250,0.15,5
375.0,250,250,250,0.15,4
238,4,0,0,0.15,3
241,3,0,0,0.15,3
372.0,249,249,248,0.15,4
375.0,250,250,250,0.15,2
375.0,250,250,250,0.15,5
375.5,249,250,249,0.15,2
375.0,250,250,250,0.15,5
238,4,0,0,0.2,3
366.0,247,247,244,0.2,4
375.5,249,250,249,0.2,2
372.0,3,126,2,0.2,5
375.5,249,250,249,0.2,2
375.0,250,250,250,0.2,4
241,3,0,0,0.2,3
375.0,250,250,250,0.2,5
238,4,0,0,0.2,3
375.0,250,250,250,0.2,4
376.0,248,250,248,0.2,2
375.0,250,250,250,0.2,5
375.0,250,250,250,0.2,2
372.0,249,249,248,0.2,4
241,3,0,0,0.2,3
365,3,124,0,0.2,5
375.0,250,250,250,0.2,4
235,5,0,0,0.2,3
241,3,0,0,0.2,3
375.0,250,250,250,0.2,4
375.0,250,250,250,0.2,2
371.5,248,248,247,0.2,5
375.5,249,250,249,0.2,2
361.5,237,240,233,0.2,5
238,4,0,0,0.2,3
372.0,249,249,248,0.2,4
376.0,248,250,248,0.2,2
368.0,164,205,162,0.2,5
375.0,250,250,250,0.2,2
366.0,247,247,244,0.2,4
238,4,0,0,0.2,3
375.0,250,250,250,0.2,5
241,3,0,0,0.2,3
351.0,242,242,234,0.2,4
375.0,250,250,250,0.2,2
371.5,2,125,1,0.2,5
375.5,249,250,249,0.2,2
375.0,250,250,250,0.2,4
241,3,0,0,0.2,3
375.0,250,250,250,0.2,5
372.0,249,249,248,0.2,4
241,3,0,0,0.2,3
244,2,0,0,0.2,3
342.0,239,239,228,0.2,4
376.0,248,250,248,0.2,2
361,4,123,0,0.2,5
375.5,249,250,249,0.2,2
365.0,5,125,2,0.2,5
241,3,0,0,0.2,3
372.0,249,249,248,0.2,4
375.0,250,250,250,0.2,2
372.0,3,126,2,0.2,5
375.0,250,250,250,0.2,2
366.0,247,247,244,0.2,4
241,3,0,0,0.2,3
375.0,250,250,250,0.2,5
241,3,0,0,0.2,3
372.0,249,249,248,0.2,4
375.0,250,250,250,0.2,2
371.5,26,137,25,0.2,5
375.0,250,250,250,0.2,2
372.0,249,249,248,0.2,4
238,4,0,0,0.2,3
375.0,248,249,248,0.2,5
375.0,250,250,250,0.2,4
241,3,0,0,0.2,3
244,2,0,0,0.2,3
342.0,239,239,228,0.2,4
375.5,249,250,249,0.2,2
375.0,250,250,250,0.2,5
375.0,250,250,250,0.2,2
375.0,250,250,250,0.2,5
241,3,0,0,0.2,3
372.0,249,249,248,0.2,4
375.5,249,250,249,0.2,2
372.0,3,126,2,0.2,5
375.0,250,250,250,0.2,2
245,3,4,0,0.2,4
238,4,0,0,0.2,3
375.0,250,250,250,0.2,5
241,3,0,0,0.2,3
375.0,250,250,250,0.2,4
375.5,249,250,249,0.2,2
375.0,250,250,250,0.2,5
375.0,250,250,250,0.2,2
375.0,250,250,250,0.2,4
238,4,0,0,0.2,3
372.0,3,126,2,0.2,5
375.0,250,250,250,0.2,4
238,4,0,0,0.2,3
241,3,0,0,0.2,3
369.0,248,248,246,0.2,4
376.0,248,250,248,0.2,2
368.5,3,125,1,0.2,5
376.0,248,250,248,0.2,2
361.0,60,151,56,0.2,5
238,4,0,0,0.2,3
375.0,250,250,250,0.2,4
375.5,249,250,249,0.2,2
371.5,248,248,247,0.2,5
375.5,249,250,249,0.2,2
372.0,249,249,248,0.2,4
241,3,0,0,0.2,3
375.0,250,250,250,0.2,5
241,3,0,0,0.2,3
375.0,250,250,250,0.2,4
375.5,249,250,249,0.2,2
375.0,250,250,250,0.2,5
376.0,248,250,248,0.2,2
369.0,248,248,246,0.2,4
247,1,0,0,0.2,3
375.0,250,250,250,0.2,5
371.5,248,248,247,0.2,4
238,4,0,0,0.2,3
241,3,0,0,0.2,3
241,5,6,0,0.2,4
375.0,250,250,250,0.2,2
372.0,3,126,2,0.2,5
375.5,249,250,249,0.2,2
375.0,250,250,250,0.2,5
241,3,0,0,0.2,3
375.0,250,250,250,0.2,4
375.5,249,250,249,0.2,2
375.0,248,249,248,0.2,5
375.0,250,250,250,0.2,2
375.0,250,250,250,0.2,4
244,2,0,0,0.2,3
368.5,3,125,1,0.2,5
241,3,0,0,0.2,3
366.0,247,247,244,0.2,4
375.0,250,250,250,0.2,2
368.0,4,125,2,0.2,5
375.0,250,250,250,0.2,2
360.0,245,245,240,0.2,4
244,2,0,0,0.2,3
368.5,3,125,1,0.2,5
357.0,244,244,238,0.2,4
238,4,0,0,0.2,3
241,3,0,0,0.2,3
220.0,18,19,2,0.2,4
375.0,250,250,250,0.2,2
371.5,4,126,3,0.2,5
376.0,248,250,248,0.2,2
375.0,250,250,250,0.2,5
241,3,0,0,0.2,3
375.0,250,250,250,0.2,4
375.5,249,250,249,0.2,2
375.0,250,250,250,0.2,5
375.0,250,250,250,0.2,2
372.0,249,249,248,0.2,4
241,3,0,0,0.2,3
375.0,250,250,250,0.2,5
238,4,0,0,0.2,3
351.0,242,242,234,0.2,4
375.0,250,250,250,0.2,2
375.0,250,250,250,0.2,5
375.5,249,250,249,0.2,2
375.0,250,250,250,0.2,4
238,4,0,0,0.2,3
368.5,3,125,1,0.2,5
375.0,250,250,250,0.2,4
241,3,0,0,0.2,3
241,3,0,0,0.2,3
375.0,250,250,250,0.2,4
375.5,249,250,249,0.2,2
365,3,124,0,0.2,5
375.5,249,250,249,0.2,2
375.0,250,250,250,0.2,5
241,3,0,0,0.2,3
348.0,241,241,232,0.2,4
375.0,250,250,250,0.2,2
375.0,250,250,250,0.2,5
375.5,249,250,249,0.2,2
375.0,250,250,250,0.2,4
241,3,0,0,0.2,3
375.0,250,250,250,0.2,5
238,4,0,0,0.2,3
372.0,249,249,248,0.2,4
376.0,248,250,248,0.2,2
368,2,124,0,0.2,5
375.5,249,250,249,0.2,2
375.0,250,250,250,0.2,4
238,4,0,0,0.2,3
368.0,248,247,246,0.2,5
375.0,250,250,250,0.2,4
238,4,0,0,0.2,3
238,4,0,0,0.2,3
375.0,250,250,250,0.2,4
376.0,248,250,248,0.2,2
372.0,11,130,10,0.2,5
375.0,250,250,250,0.2,2
364.5,242,243,239,0.2,5
238,4,0,0,0.2,3
375.0,250,250,250,0.2,4
376.0,248,250,248,0.2,2
375.0,250,250,250,0.2,5
376.0,248,250,248,0.2,2
354.0,243,243,236,0.2,4
241,3,0,0,0.2,3
361,4,123,0,0.2,5
238,4,0,0,0.2,3
375.0,250,250,250,0.2,4
375.5,249,250,249,0.2,2
368.5,71,159,69,0.2,5
376.0,248,250,248,0.2,2
372.0,249,249,248,0.2,4
238,4,0,0,0.2,3
375.0,250,250,250,0.2,5
363.0,246,246,242,0.2,4
241,3,0,0,0.2,3
241,3,0,0,0.2,3
375.0,250,250,250,0.2,4
375.5,249,250,249,0.2,2
365,3,124,0,0.2,5
375.5,249,250,249,0.2,2
371.5,248,248,247,0.2,5
238,4,0,0,0.2,3
366.0,247,247,244,0.2,4
375.0,250,250,250,0.2,2
368.5,3,125,1,0.2,5
375.0,250,250,250,0.2,2
250.0,3,4,2,0.2,4
238,4,0,0,0.2,3
375.0,250,250,250,0.2,5
241,3,0,0,0.2,3
375.0,250,250,250,0.2,4
376.0,248,250,248,0.2,2
375.0,250,250,250,0.2,5
376.0,248,250,248,0.2,2
250.0,3,4,2,0.2,4
241,3,0,0,0.2,3
375.0,250,250,250,0.2,5
375.0,250,250,250,0.2,4
238,4,0,0,0.2,3
244,2,0,0,0.2,3
363.0,246,246,242,0.2,4
375.0,250,250,250,0.2,2
372.0,3,126,2,0.2,5
375.0,250,250,250,0.2,2
357.5,8,124,3,0.2,5
241,3,0,0,0.25,3
369.0,248,248,246,0.25,4
375.5,249,250,249,0.25,2
372.0,3,126,2,0.25,5
377.0,246,250,246,0.25,2
351.0,242,242,234,0.25,4
241,3,0,0,0.25,3
375.0,250,250,250,0.25,5
241,3,0,0,0.25,3
201.0,192,192,134,0.25,4
375.0,250,250,250,0.25,2
375.0,250,250,250,0.25,5
375.5,249,250,249,0.25,2
375.0,250,250,250,0.25,4
244,2,0,0,0.25,3
375.0,248,249,248,0.25,5
372.0,249,249,248,0.25,4
244,2,0,0,0.25,3
244,2,0,0,0.25,3
372.0,249,249,248,0.25,4
376.0,248,250,248,0.25,2
368.5,3,125,1,0.25,5
375.5,249,250,249,0.25,2
361.5,5,124,1,0.25,5
238,4,0,0,0.25,3
372.0,249,249,248,0.25,4
376.0,248,250,248,0.25,2
375.0,250,250,250,0.25,5
376.0,248,250,248,0.25,2
372.0,249,249,248,0.25,4
241,3,0,0,0.25,3
372.0,3,126,2,0.25,5
238,4,0,0,0.25,3
250.0,3,4,2,0.25,4
375.5,249,250,249,0.25,2
372,1,125,0,0.25,5
375.5,249,250,249,0.25,2
327.0,234,234,218,0.25,4
244,2,0,0,0.25,3
372.0,157,203,156,0.25,5
375.0,250,250,250,0.25,4
238,4,0,0,0.25,3
241,3,0,0,0.25,3
348.0,241,241,232,0.25,4
375.0,250,250,250,0.25,2
372.0,231,240,230,0.25,5
375.5,249,250,249,0.25,2
361,4,123,0,0.25,5
241,3,0,0,0.25,3
375.0,250,250,250,0.25,4
376.0,248,250,248,0.25,2
371.5,4,126,3,0.25,5
375.0,250,250,250,0.25,2
363.0,246,246,242,0.25,4
241,3,0,0,0.25,3
365,3,124,0,0.25,5
238,4,0,0,0.25,3
369.0,248,248,246,0.25,4
375.5,249,250,249,0.25,2
372.0,3,126,2,0.25,5
375.0,250,250,250,0.25,2
375.0,250,250,250,0.25,4
238,4,0,0,0.25,3
371.5,4,126,3,0.25,5
372.0,249,249,248,0.25,4
241,3,0,0,0.25,3
244,2,0,0,0.25,3
372.0,249,249,248,0.25,4
375.0,250,250,250,0.25,2
365,3,124,0,0.25,5
375.5,249,250,249,0.25,2
358.0,7,124,2,0.25,5
244,2,0,0,0.25,3
252.0,2,3,2,0.25,4
376.0,248,250,248,0.25,2
372.0,3,126,2,0.25,5
375.0,250,250,250,0.25,2
372.0,249,249,248,0.25,4
241,3,0,0,0.25,3
375.0,250,250,250,0.25,5
241,3,0,0,0.25,3
345.0,240,240,230,0.25,4
375.5,249,250,249,0.25,2
375.0,250,250,250,0.25,5
376.0,248,250,248,0.25,2
372.0,249,249,248,0.25,4
244,2,0,0,0.25,3
372.0,139,194,138,0.25,5
360.0,245,245,240,0.25,4
244,2,0,0,0.25,3
247,1,0,0,0.25,3
375.0,250,250,250,0.25,4
375.5,249,250,249,0.25,2
375.0,250,250,250,0.25,5
376.0,248,250,248,0.25,2
364.5,4,124,1,0.25,5
244,2,0,0,0.25,3
372.0,249,249,248,0.25,4
376.0,248,250,248,0.25,2
368.5,3,125,1,0.25,5
375.5,249,250,249,0.25,2
375.0,250,250,250,0.25,4
241,3,0,0,0.25,3
375.0,250,250,250,0.25,5
241,3,0,0,0.25,3
371.5,248,248,247,0.25,4
376.0,248,250,248,0.25,2
372,1,125,0,0.25,5
376.5,247,250,247,0.25,2
357.0,244,244,238,0.25,4
238,4,0,0,0.25,3
368.5,3,125,1,0.25,5
369.0,248,248,246,0.25,4
241,3,0,0,0.25,3
241,3,0,0,0.25,3
252.0,2,3,2,0.25,4
375.5,249,250,249,0.25,2
375.0,250,250,250,0.25,5
376.0,248,250,248,0.25,2
368.0,248,247,246,0.25,5
244,2,0,0,0.25,3
369.0,248,248,246,0.25,4
376.0,248,250,248,0.25,2
365,3,124,0,0.25,5
376.0,248,250,248,0.25,2
235.5,9,10,1,0.25,4
241,3,0,0,0.25,3
368,2,124,0,0.25,5
238,4,0,0,0.25,3
248.0,4,5,2,0.25,4
376.0,248,250,248,0.25,2
371.5,2,125,1,0.25,5
376.0,248,250,248,0.25,2
251.5,1,2,1,0.25,4
244,2,0,0,0.25,3
365,3,124,0,0.25,5
372.0,249,249,248,0.25,4
241,3,0,0,0.25,3
244,2,0,0,0.25,3
375.0,250,250,250,0.25,4
375.5,249,250,249,0.25,2
375.0,250,250,250,0.25,5
375.0,250,250,250,0.25,2
371.5,248,248,247,0.25,5
238,4,0,0,0.25,3
372.0,249,249,248,0.25,4
375.5,249,250,249,0.25,2
368.5,3,125,1,0.25,5
375.5,249,250,249,0.25,2
371.5,248,248,247,0.25,4
238,4,0,0,0.25,3
368.5,5,126,3,0.25,5
244,2,0,0,0.25,3
288.0,221,221,192,0.25,4
376.0,248,250,248,0.25,2
371.5,4,126,3,0.25,5
375.0,250,250,250,0.25,2
375.0,250,250,250,0.25,4
241,3,0,0,0.25,3
375.0,250,250,250,0.25,5
372.0,249,249,248,0.25,4
235,5,0,0,0.25,3
238,4,0,0,0.25,3
250.0,3,4,2,0.25,4
375.0,250,250,250,0.25,2
365,3,124,0,0.25,5
375.0,250,250,250,0.25,2
361.0,156,199,152,0.25,5
238,4,0,0,0.25,3
248.0,4,5,2,0.25,4
377.0,246,250,246,0.25,2
368.5,3,125,1,0.25,5
375.5,249,250,249,0.25,2
315.0,230,230,210,0.25,4
238,4,0,0,0.25,3
372.0,3,126,2,0.25,5
244,2,0,0,0.25,3
360.0,245,245,240,0.25,4
375.0,250,250,250,0.25,2
365,3,124,0,0.25,5
376.5,247,250,247,0.25,2
372.0,249,249,248,0.25,4
244,2,0,0,0.25,3
364.5,4,124,1,0.25,5
372.0,249,249,248,0.25,4
238,4,0,0,0.25,3
238,4,0,0,0.25,3
348.0,241,241,232,0.25,4
375.5,249,250,249,0.25,2
375.0,250,250,250,0.25,5
375.5,249,250,249,0.25,2
365.0,65,155,62,0.25,5
244,2,0,0,0.25,3
371.5,248,248,247,0.25,4
375.0,250,250,250,0.25,2
375.0,250,250,250,0.25,5
376.0,248,250,248,0.25,2
247,2,3,0,0.25,4
244,2,0,0,0.25,3
368.5,5,126,3,0.25,5
241,3,0,0,0.25,3
372.0,249,249,248,0.25,4
375.5,249,250,249,0.25,2
375.0,250,250,250,0.25,5
375.5,249,250,249,0.25,2
336.0,237,237,224,0.25,4
241,3,0,0,0.25,3
375.0,250,250,250,0.25,5
372.0,249,249,248,0.25,4
238,4,0,0,0.25,3
241,3,0,0,0.25,3
342.0,239,239,228,0.25,4
375.0,250,250,250,0.25,2
372.0,3,126,2,0.25,5
375.5,249,250,249,0.25,2
365.0,5,125,2,0.25,5
238,4,0,0,0.25,3
375.0,250,250,250,0.25,4
375.0,250,250,250,0.25,2
372.0,37,143,36,0.25,5
376.0,248,250,248,0.25,2
372.0,249,249,248,0.25,4
238,4,0,0,0.25,3
371.5,4,126,3,0.25,5
244,2,0,0,0.25,3
375.0,250,250,250,0.25,4
376.0,248,250,248,0.25,2
365,3,124,0,0.25,5
375.0,250,250,250,0.25,2
369.0,248,248,246,0.25,4
241,3,0,0,0.25,3
375.0,250,250,250,0.25,5
363.0,246,246,242,0.25,4
241,3,0,0,0.25,3
241,3,0,0,0.25,3
234.0,11,12,2,0.25,4
376.5,247,250,247,0.25,2
375.0,250,250,250,0.25,5
375.0,250,250,250,0.25,2
375.0,250,250,250,0.25,5
241,3,0,0,0.3,3
250.5,4,5,3,0.3,4
376.0,248,250,248,0.3,2
372,1,125,0,0.3,5
375.0,250,250,250,0.3,2
375.0,250,250,250,0.3,4
241,3,0,0,0.3,3
371.5,248,248,247,0.3,5
241,3,0,0,0.3,3
248.0,4,5,2,0.3,4
375.0,250,250,250,0.3,2
368.5,3,125,1,0.3,5
376.5,247,250,247,0.3,2
362.5,245,245,241,0.3,4
247,1,0,0,0.3,3
375.0,250,250,250,0.3,5
366.0,247,247,244,0.3,4
238,4,0,0,0.3,3
244,2,0,0,0.3,3
342.0,239,239,228,0.3,4
375.0,250,250,250,0.3,2
368.5,3,125,1,0.3,5
376.0,248,250,248,0.3,2
375.0,250,250,250,0.3,5
244,2,0,0,0.3,3
375.0,250,250,250,0.3,4
376.5,247,250,247,0.3,2
372.0,3,126,2,0.3,5
375.0,250,250,250,0.3,2
249.5,2,3,1,0.3,4
241,3,0,0,0.3,3
372.0,3,126,2,0.3,5
244,2,0,0,0.3,3
375.0,250,250,250,0.3,4
377.0,246,250,246,0.3,2
372.0,3,126,2,0.3,5
375.5,249,250,249,0.3,2
372.0,249,249,248,0.3,4
244,2,0,0,0.3,3
372.0,23,136,22,0.3,5
371.5,248,248,247,0.3,4
244,2,0,0,0.3,3
241,3,0,0,0.3,3
375.0,250,250,250,0.3,4
375.0,250,250,250,0.3,2
372,1,125,0,0.3,5
375.0,250,250,250,0.3,2
375.0,250,250,250,0.3,5
241,3,0,0,0.3,3
249,1,2,0,0.3,4
376.0,248,250,248,0.3,2
372.0,3,126,2,0.3,5
376.5,247,250,247,0.3,2
247,2,3,0,0.3,4
241,3,0,0,0.3,3
368.5,3,125,1,0.3,5
241,3,0,0,0.3,3
247,2,3,0,0.3,4
375.0,250,250,250,0.3,2
372.0,3,126,2,0.3,5
376.0,248,250,248,0.3,2
372.0,249,249,248,0.3,4
241,3,0,0,0.3,3
371.5,2,125,1,0.3,5
248.0,4,5,2,0.3,4
238,4,0,0,0.3,3
241,3,0,0,0.3,3
247,2,3,0,0.3,4
376.0,248,250,248,0.3,2
368.5,3,125,1,0.3,5
375.0,250,250,250,0.3,2
365.0,101,173,98,0.3,5
241,3,0,0,0.3,3
372.0,249,249,248,0.3,4
376.5,247,250,247,0.3,2
371.5,248,248,247,0.3,5
375.5,249,250,249,0.3,2
363.0,246,246,242,0.3,4
241,3,0,0,0.3,3
364.5,4,124,1,0.3,5
238,4,0,0,0.3,3
363.0,246,246,242,0.3,4
376.5,247,250,247,0.3,2
375.0,250,250,250,0.3,5
376.5,247,250,247,0.3,2
375.0,250,250,250,0.3,4
241,3,0,0,0.3,3
368.0,4,125,2,0.3,5
375.0,250,250,250,0.3,4
241,3,0,0,0.3,3
241,3,0,0,0.3,3
375.0,250,250,250,0.3,4
375.0,250,250,250,0.3,2
368,2,124,0,0.3,5
375.5,249,250,249,0.3,2
375.0,248,249,248,0.3,5
238,4,0,0,0.3,3
375.0,250,250,250,0.3,4
376.0,248,250,248,0.3,2
375.0,250,250,250,0.3,5
375.5,249,250,249,0.3,2
375.0,250,250,250,0.3,4
238,4,0,0,0.3,3
375.0,250,250,250,0.3,5
244,2,0,0,0.3,3
309.0,228,228,206,0.3,4
376.0,248,250,248,0.3,2
372.0,3,126,2,0.3,5
376.5,247,250,247,0.3,2
375.0,250,250,250,0.3,4
244,2,0,0,0.3,3
371.5,4,126,3,0.3,5
350.5,241,241,233,0.3,4
244,2,0,0,0.3,3
244,2,0,0,0.3,3
371.5,248,248,247,0.3,4
375.5,249,250,249,0.3,2
365,3,124,0,0.3,5
375.5,249,250,249,0.3,2
375.0,250,250,250,0.3,5
244,2,0,0,0.3,3
372.0,249,249,248,0.3,4
375.5,249,250,249,0.3,2
375.0,248,249,248,0.3,5
376.5,247,250,247,0.3,2
375.0,250,250,250,0.3,4
247,1,0,0,0.3,3
368.5,3,125,1,0.3,5
241,3,0,0,0.3,3
246.0,5,6,2,0.3,4
375.5,249,250,249,0.3,2
368.5,3,125,1,0.3,5
376.5,247,250,247,0.3,2
348.0,241,241,232,0.3,4
241,3,0,0,0.3,3
375.0,250,250,250,0.3,5
363.0,246,246,242,0.3,4
244,2,0,0,0.3,3
244,2,0,0,0.3,3
375.0,250,250,250,0.3,4
375.0,250,250,250,0.3,2
372.0,3,126,2,0.3,5
376.0,248,250,248,0.3,2
375.0,250,250,250,0.3,5
238,4,0,0,0.3,3
372.0,249,249,248,0.3,4
375.5,249,250,249,0.3,2
371.5,4,126,3,0.3,5
375.5,249,250,249,0.3,2
372.0,249,249,248,0.3,4
244,2,0,0,0.3,3
371.5,182,215,181,0.3,5
241,3,0,0,0.3,3
375.0,250,250,250,0.3,4
376.5,247,250,247,0.3,2
371.5,48,148,47,0.3,5
375.5,249,250,249,0.3,2
375.0,250,250,250,0.3,4
238,4,0,0,0.3,3
365,3,124,0,0.3,5
372.0,249,249,248,0.3,4
238,4,0,0,0.3,3
241,3,0,0,0.3,3
368.5,247,247,245,0.3,4
375.0,250,250,250,0.3,2
371.5,248,248,247,0.3,5
375.5,249,250,249,0.3,2
375.0,250,250,250,0.3,5
241,3,0,0,0.3,3
372.0,249,249,248,0.3,4
375.0,250,250,250,0.3,2
371.5,4,126,3,0.3,5
375.5,249,250,249,0.3,2
371.5,248,248,247,0.3,4
241,3,0,0,0.3,3
372.0,111,180,110,0.3,5
244,2,0,0,0.3,3
368.5,247,247,245,0.3,4
376.0,248,250,248,0.3,2
375.0,248,249,248,0.3,5
375.0,250,250,250,0.3,2
375.0,250,250,250,0.3,4
241,3,0,0,0.3,3
365,3,124,0,0.3,5
372.0,249,249,248,0.3,4
241,3,0,0,0.3,3
244,2,0,0,0.3,3
247,2,3,0,0.3,4
375.5,249,250,249,0.3,2
368,2,124,0,0.3,5
376.5,247,250,247,0.3,2
371.5,248,248,247,0.3,5
247,1,0,0,0.3,3
372.0,249,249,248,0.3,4
376.0,248,250,248,0.3,2
375.0,248,249,248,0.3,5
375.5,249,250,249,0.3,2
252.0,2,3,2,0.3,4
238,4,0,0,0.3,3
375.0,250,250,250,0.3,5
244,2,0,0,0.3,3
354.0,243,243,236,0.3,4
376.0,248,250,248,0.3,2
368.5,3,125,1,0.3,5
375.5,249,250,249,0.3,2
375.0,250,250,250,0.3,4
241,3,0,0,0.3,3
375.0,250,250,250,0.3,5
375.0,250,250,250,0.3,4
241,3,0,0,0.3,3
241,3,0,0,0.3,3
357.0,244,244,238,0.3,4
375.5,249,250,249,0.3,2
371.5,2,125,1,0.3,5
376.0,248,250,248,0.3,2
371.5,248,248,247,0.3,5
244,2,0,0,0.3,3
247,2,3,0,0.3,4
375.5,249,250,249,0.3,2
365,3,124,0,0.3,5
375.5,249,250,249,0.3,2
372.0,249,249,248,0.3,4
241,3,0,0,0.3,3
365,3,124,0,0.3,5
238,4,0,0,0.3,3
357.0,244,244,238,0.3,4
375.5,249,250,249,0.3,2
365,3,124,0,0.3,5
375.0,250,250,250,0.3,2
372.0,249,249,248,0.3,4
241,3,0,0,0.3,3
375.0,250,250,250,0.3,5
372.0,249,249,248,0.3,4
238,4,0,0,0.3,3
238,4,0,0,0.3,3
251.5,1,2,1,0.3,4
375.0,250,250,250,0.3,2
371.5,4,126,3,0.3,5
376.0,248,250,248,0.3,2
361,4,123,0,0.3,5
244,2,0,0,0.35,3
372.0,249,249,248,0.35,4
376.0,248,250,248,0.35,2
365,3,124,0,0.35,5
376.0,248,250,248,0.35,2
250.0,3,4,2,0.35,4
241,3,0,0,0.35,3
365,3,124,0,0.35,5
238,4,0,0,0.35,3
371.5,248,248,247,0.35,4
375.0,250,250,250,0.35,2
368.5,3,125,1,0.35,5
376.0,248,250,248,0.35,2
249.5,2,3,1,0.35,4
241,3,0,0,0.35,3
368,2,124,0,0.35,5
375.0,250,250,250,0.35,4
241,3,0,0,0.35,3
244,2,0,0,0.35,3
249,1,2,0,0.35,4
375.5,249,250,249,0.35,2
375.0,250,250,250,0.35,5
376.5,247,250,247,0.35,2
368,2,124,0,0.35,5
238,4,0,0,0.35,3
375.0,250,250,250,0.35,4
375.5,249,250,249,0.35,2
371.5,4,126,3,0.35,5
376.0,248,250,248,0.35,2
336.0,237,237,224,0.35,4
238,4,0,0,0.35,3
375.0,248,249,248,0.35,5
244,2,0,0,0.35,3
375.0,250,250,250,0.35,4
376.5,247,250,247,0.35,2
375.0,250,250,250,0.35,5
375.5,249,250,249,0.35,2
339.0,238,238,226,0.35,4
247,1,0,0,0.35,3
375.0,250,250,250,0.35,5
369.0,248,248,246,0.35,4
241,3,0,0,0.35,3
238,4,0,0,0.35,3
362.5,245,245,241,0.35,4
376.0,248,250,248,0.35,2
368.0,32,139,30,0.35,5
375.5,249,250,249,0.35,2
368.0,244,245,242,0.35,5
247,1,0,0,0.35,3
371.5,248,248,247,0.35,4
376.0,248,250,248,0.35,2
372.0,3,126,2,0.35,5
375.5,249,250,249,0.35,2
247,2,3,0,0.35,4
241,3,0,0,0.35,3
372.0,3,126,2,0.35,5
241,3,0,0,0.35,3
250.0,3,4,2,0.35,4
377.0,246,250,246,0.35,2
365,3,124,0,0.35,5
376.0,248,250,248,0.35,2
375.0,250,250,250,0.35,4
238,4,0,0,0.35,3
368.5,5,126,3,0.35,5
369.0,248,248,246,0.35,4
244,2,0,0,0.35,3
241,3,0,0,0.35,3
369.0,248,248,246,0.35,4
376.0,248,250,248,0.35,2
372.0,3,126,2,0.35,5
376.0,248,250,248,0.35,2
368.0,4,125,2,0.35,5
241,3,0,0,0.35,3
372.0,249,249,248,0.35,4
376.0,248,250,248,0.35,2
368.5,3,125,1,0.35,5
376.5,247,250,247,0.35,2
372.0,249,249,248,0.35,4
244,2,0,0,0.35,3
365,3,124,0,0.35,5
241,3,0,0,0.35,3
247,2,3,0,0.35,4
375.0,250,250,250,0.35,2
375.0,250,250,250,0.35,5
376.0,248,250,248,0.35,2
357.0,244,244,238,0.35,4
241,3,0,0,0.35,3
372.0,3,126,2,0.35,5
375.0,250,250,250,0.35,4
244,2,0,0,0.35,3
241,3,0,0,0.35,3
375.0,250,250,250,0.35,4
376.0,248,250,248,0.35,2
368.5,3,125,1,0.35,5
376.0,248,250,248,0.35,2
368,2,124,0,0.35,5
244,2,0,0,0.35,3
369.0,248,248,246,0.35,4
376.0,248,250,248,0.35,2
371.5,66,157,65,0.35,5
375.0,250,250,250,0.35,2
375.0,250,250,250,0.35,4
241,3,0,0,0.35,3
365,3,124,0,0.35,5
244,2,0,0,0.35,3
250.0,3,4,2,0.35,4
376.5,247,250,247,0.35,2
372.0,3,126,2,0.35,5
375.5,249,250,249,0.35,2
357.0,244,244,238,0.35,4
244,2,0,0,0.35,3
375.0,250,250,250,0.35,5
366.0,247,247,244,0.35,4
241,3,0,0,0.35,3
247,1,0,0,0.35,3
348.0,241,241,232,0.35,4
377.0,246,250,246,0.35,2
372.0,3,126,2,0.35,5
376.0,248,250,248,0.35,2
361.0,6,124,2,0.35,5
241,3,0,0,0.35,3
250.0,3,4,2,0.35,4
375.0,250,250,250,0.35,2
375.0,250,250,250,0.35,5
375.5,249,250,249,0.35,2
372.0,249,249,248,0.35,4
247,1,0,0,0.35,3
372.0,93,171,92,0.35,5
244,2,0,0,0.35,3
372.0,249,249,248,0.35,4
376.0,248,250,248,0.35,2
375.0,248,249,248,0.35,5
375.5,249,250,249,0.35,2
372.0,249,249,248,0.35,4
241,3,0,0,0.35,3
371.5,2,125,1,0.35,5
366.0,247,247,244,0.35,4
247,1,0,0,0.35,3
241,3,0,0,0.35,3
375.0,250,250,250,0.35,4
377.5,245,250,245,0.35,2
372,1,125,0,0.35,5
375.0,250,250,250,0.35,2
368.0,248,247,246,0.35,5
241,3,0,0,0.35,3
239,6,7,0,0.35,4
375.5,249,250,249,0.35,2
372.0,119,184,118,0.35,5
376.0,248,250,248,0.35,2
249,1,2,0,0.35,4
241,3,0,0,0.35,3
371.5,4,126,3,0.35,5
241,3,0,0,0.35,3
342.0,239,239,228,0.35,4
376.0,248,250,248,0.35,2
371.5,4,126,3,0.35,5
375.5,249,250,249,0.35,2
250.0,3,4,2,0.35,4
247,1,0,0,0.35,3
371.5,4,126,3,0.35,5
245,3,4,0,0.35,4
244,2,0,0,0.35,3
241,3,0,0,0.35,3
375.0,250,250,250,0.35,4
375.0,250,250,250,0.35,2
368.0,248,247,246,0.35,5
376.5,247,250,247,0.35,2
361.5,5,124,1,0.35,5
241,3,0,0,0.35,3
366.0,247,247,244,0.35,4
376.0,248,250,248,0.35,2
364.5,4,124,1,0.35,5
376.5,247,250,247,0.35,2
371.5,248,248,247,0.35,4
244,2,0,0,0.35,3
368.5,3,125,1,0.35,5
244,2,0,0,0.35,3
366.0,247,247,244,0.35,4
376.0,248,250,248,0.35,2
371.5,248,248,247,0.35,5
376.5,247,250,247,0.35,2
369.0,248,248,246,0.35,4
244,2,0,0,0.35,3
368.5,3,125,1,0.35,5
247,2,3,0,0.35,4
241,3,0,0,0.35,3
241,3,0,0,0.35,3
372.0,249,249,248,0.35,4
375.5,249,250,249,0.35,2
368,2,124,0,0.35,5
375.5,249,250,249,0.35,2
364.5,6,125,3,0.35,5
241,3,0,0,0.35,3
375.0,250,250,250,0.35,4
375.0,250,250,250,0.35,2
365,3,124,0,0.35,5
375.5,249,250,249,0.35,2
375.0,250,250,250,0.35,4
244,2,0,0,0.35,3
372.0,3,126,2,0.35,5
244,2,0,0,0.35,3
351.0,242,242,234,0.35,4
375.5,249,250,249,0.35,2
375.0,250,250,250,0.35,5
376.0,248,250,248,0.35,2
372.0,249,249,248,0.35,4
244,2,0,0,0.35,3
365,3,124,0,0.35,5
375.0,250,250,250,0.35,4
241,3,0,0,0.35,3
241,3,0,0,0.35,3
252.0,2,3,2,0.35,4
375.0,250,250,250,0.35,2
371.5,248,248,247,0.35,5
376.0,248,250,248,0.35,2
368.0,4,125,2,0.35,5
244,2,0,0,0.35,3
252.0,2,3,2,0.35,4
375.5,249,250,249,0.35,2
371.5,180,214,179,0.35,5
375.0,250,250,250,0.35,2
375.0,250,250,250,0.35,4
247,1,0,0,0.35,3
372.0,3,126,2,0.35,5
247,1,0,0,0.35,3
366.0,247,247,244,0.35,4
377.0,246,250,246,0.35,2
365,3,124,0,0.35,5
375.5,249,250,249,0.35,2
249,1,2,0,0.35,4
238,4,0,0,0.35,3
372.0,161,205,160,0.35,5
366.0,247,247,244,0.35,4
241,3,0,0,0.35,3
244,2,0,0,0.35,3
372.0,249,249,248,0.35,4
376.0,248,250,248,0.35,2
365,3,124,0,0.35,5
375.0,250,250,250,0.35,2
371.5,248,248,247,0.35,5
250,0,0,0,0.4,3
251,0,1,0,0.4,4
376.0,248,250,248,0.4,2
368.0,4,125,2,0.4,5
375.5,249,250,249,0.4,2
369.0,248,248,246,0.4,4
247,1,0,0,0.4,3
365,3,124,0,0.4,5
241,3,0,0,0.4,3
249,1,2,0,0.4,4
376.0,248,250,248,0.4,2
368,2,124,0,0.4,5
376.5,247,250,247,0.4,2
372.0,249,249,248,0.4,4
241,3,0,0,0.4,3
368.0,200,223,198,0.4,5
368.5,247,247,245,0.4,4
241,3,0,0,0.4,3
238,4,0,0,0.4,3
357.5,243,244,237,0.4,4
375.5,249,250,249,0.4,2
365,3,124,0,0.4,5
376.5,247,250,247,0.4,2
371.5,248,248,247,0.4,5
241,3,0,0,0.4,3
251,0,1,0,0.4,4
376.0,248,250,248,0.4,2
371.5,240,244,239,0.4,5
375.5,249,250,249,0.4,2
247,2,3,0,0.4,4
247,1,0,0,0.4,3
371.5,2,125,1,0.4,5
250,0,0,0,0.4,3
360.0,245,245,240,0.4,4
375.0,250,250,250,0.4,2
371.5,4,126,3,0.4,5
375.5,249,250,249,0.4,2
375.0,250,250,250,0.4,4
244,2,0,0,0.4,3
368.0,246,246,244,0.4,5
247.5,3,4,1,0.4,4
241,3,0,0,0.4,3
244,2,0,0,0.4,3
372.0,249,249,248,0.4,4
375.5,249,250,249,0.4,2
375.0,250,250,250,0.4,5
376.5,247,250,247,0.4,2
364.5,4,124,1,0.4,5
250,0,0,0,0.4,3
362.5,245,245,241,0.4,4
376.5,247,250,247,0.4,2
365,3,124,0,0.4,5
376.5,247,250,247,0.4,2
372.0,249,249,248,0.4,4
241,3,0,0,0.4,3
371.5,176,212,175,0.4,5
247,1,0,0,0.4,3
336.0,237,237,224,0.4,4
375.5,249,250,249,0.4,2
375.0,248,249,248,0.4,5
375.0,250,250,250,0.4,2
252.0,2,3,2,0.4,4
244,2,0,0,0.4,3
372.0,3,126,2,0.4,5
239,6,7,0,0.4,4
241,3,0,0,0.4,3
244,2,0,0,0.4,3
372.0,249,249,248,0.4,4
375.5,249,250,249,0.4,2
365,3,124,0,0.4,5
376.5,247,250,247,0.4,2
375.0,250,250,250,0.4,5
244,2,0,0,0.4,3
250.0,3,4,2,0.4,4
376.5,247,250,247,0.4,2
368.5,247,247,245,0.4,5
375.5,249,250,249,0.4,2
375.0,250,250,250,0.4,4
241,3,0,0,0.4,3
371.5,4,126,3,0.4,5
238,4,0,0,0.4,3
249,1,2,0,0.4,4
376.0,248,250,248,0.4,2
375.0,250,250,250,0.4,5
375.0,250,250,250,0.4,2
250.0,3,4,2,0.4,4
247,1,0,0,0.4,3
372.0,3,126,2,0.4,5
363.0,246,246,242,0.4,4
247,1,0,0,0.4,3
244,2,0,0,0.4,3
375.0,250,250,250,0.4,4
375.0,250,250,250,0.4,2
371.5,4,126,3,0.4,5
376.0,248,250,248,0.4,2
365,3,124,0,0.4,5
244,2,0,0,0.4,3
372.0,249,249,248,0.4,4
376.0,248,250,248,0.4,2
372.0,3,126,2,0.4,5
377.0,246,250,246,0.4,2
249.5,2,3,1,0.4,4
244,2,0,0,0.4,3
372,1,125,0,0.4,5
244,2,0,0,0.4,3
369.0,248,248,246,0.4,4
375.5,249,250,249,0.4,2
365,3,124,0,0.4,5
376.5,247,250,247,0.4,2
250.0,3,4,2,0.4,4
244,2,0,0,0.4,3
364.5,4,124,1,0.4,5
242.0,7,8,2,0.4,4
241,3,0,0,0.4,3
241,3,0,0,0.4,3
375.0,250,250,250,0.4,4
375.0,250,250,250,0.4,2
375.0,250,250,250,0.4,5
376.0,248,250,248,0.4,2
368.0,244,245,242,0.4,5
244,2,0,0,0.4,3
369.0,248,248,246,0.4,4
375.5,249,250,249,0.4,2
364.5,4,124,1,0.4,5
375.5,249,250,249,0.4,2
251,0,1,0,0.4,4
244,2,0,0,0.4,3
368,2,124,0,0.4,5
244,2,0,0,0.4,3
249,1,2,0,0.4,4
376.0,248,250,248,0.4,2
371.5,2,125,1,0.4,5
376.0,248,250,248,0.4,2
372.0,249,249,248,0.4,4
241,3,0,0,0.4,3
371.5,248,248,247,0.4,5
357.0,244,244,238,0.4,4
241,3,0,0,0.4,3
244,2,0,0,0.4,3
250.0,3,4,2,0.4,4
376.0,248,250,248,0.4,2
368.5,3,125,1,0.4,5
376.0,248,250,248,0.4,2
354.5,139,189,133,0.4,5
241,3,0,0,0.4,3
366.0,247,247,244,0.4,4
376.0,248,250,248,0.4,2
361.5,5,124,1,0.4,5
375.5,249,250,249,0.4,2
250.0,3,4,2,0.4,4
244,2,0,0,0.4,3
375.0,250,250,250,0.4,5
244,2,0,0,0.4,3
360.0,245,245,240,0.4,4
376.0,248,250,248,0.4,2
375.0,250,250,250,0.4,5
375.5,249,250,249,0.4,2
249,1,2,0,0.4,4
244,2,0,0,0.4,3
375.0,250,250,250,0.4,5
368.5,247,247,245,0.4,4
241,3,0,0,0.4,3
244,2,0,0,0.4,3
247,2,3,0,0.4,4
375.0,250,250,250,0.4,2
375.0,248,249,248,0.4,5
376.0,248,250,248,0.4,2
368.0,244,245,242,0.4,5
244,2,0,0,0.4,3
369.0,248,248,246,0.4,4
376.0,248,250,248,0.4,2
368.5,3,125,1,0.4,5
376.0,248,250,248,0.4,2
375.0,250,250,250,0.4,4
250,0,0,0,0.4,3
372,1,125,0,0.4,5
238,4,0,0,0.4,3
318.0,231,231,212,0.4,4
375.5,249,250,249,0.4,2
371.5,248,248,247,0.4,5
376.5,247,250,247,0.4,2
249.5,2,3,1,0.4,4
244,2,0,0,0.4,3
368.5,5,126,3,0.4,5
360.0,245,245,240,0.4,4
238,4,0,0,0.4,3
241,3,0,0,0.4,3
372.0,249,249,248,0.4,4
375.0,250,250,250,0.4,2
372,1,125,0,0.4,5
377.0,246,250,246,0.4,2
361.5,7,125,3,0.4,5
244,2,0,0,0.4,3
249.5,2,3,1,0.4,4
375.5,249,250,249,0.4,2
365,3,124,0,0.4,5
376.0,248,250,248,0.4,2
375.0,250,250,250,0.4,4
244,2,0,0,0.4,3
368.5,3,125,1,0.4,5
244,2,0,0,0.4,3
372.0,249,249,248,0.4,4
376.0,248,250,248,0.4,2
368.5,3,125,1,0.4,5
377.0,246,250,246,0.4,2
249.5,2,3,1,0.4,4
241,3,0,0,0.4,3
372.0,3,126,2,0.4,5
251.5,1,2,1,0.4,4
244,2,0,0,0.4,3
244,2,0,0,0.4,3
366.0,247,247,244,0.4,4
376.0,248,250,248,0.4,2
368.5,3,125,1,0.4,5
376.5,247,250,247,0.4,2
365,3,124,0,0.4,5
238,4,0,0,0.4,3
372.0,249,249,248,0.4,4
375.5,249,250,249,0.4,2
375.0,248,249,248,0.4,5
376.0,248,250,248,0.4,2
247,2,3,0,0.4,4
244,2,0,0,0.4,3
371.5,4,126,3,0.4,5
244,2,0,0,0.4,3
372.0,249,249,248,0.4,4
376.0,248,250,248,0.4,2
372,1,125,0,0.4,5
375.5,249,250,249,0.4,2
250.0,3,4,2,0.4,4
241,3,0,0,0.4,3
361,4,123,0,0.4,5
245,3,4,0,0.4,4
241,3,0,0,0.4,3
244,2,0,0,0.4,3
353.5,242,242,235,0.4,4
375.5,249,250,249,0.4,2
372.0,3,126,2,0.4,5
375.5,249,250,249,0.4,2
365,3,124,0,0.4,5
250,0,0,0,0.45,3
372.0,249,249,248,0.45,4
376.0,248,250,248,0.45,2
365,3,124,0,0.45,5
375.0,250,250,250,0.45,2
356.5,243,243,237,0.45,4
244,2,0,0,0.45,3
368.5,3,125,1,0.45,5
244,2,0,0,0.45,3
250.0,3,4,2,0.45,4
376.5,247,250,247,0.45,2
375.0,248,249,248,0.45,5
376.0,248,250,248,0.45,2
250.0,3,4,2,0.45,4
244,2,0,0,0.45,3
372,1,125,0,0.45,5
368.5,247,247,245,0.45,4
238,4,0,0,0.45,3
247,1,0,0,0.45,3
247,2,3,0,0.45,4
375.5,249,250,249,0.45,2
371.5,2,125,1,0.45,5
376.0,248,250,248,0.45,2
361.0,6,124,2,0.45,5
244,2,0,0,0.45,3
250.0,3,4,2,0.45,4
375.5,249,250,249,0.45,2
375.0,250,250,250,0.45,5
375.0,250,250,250,0.45,2
375.0,250,250,250,0.45,4
247,1,0,0,0.45,3
371.5,248,248,247,0.45,5
247,1,0,0,0.45,3
250.0,3,4,2,0.45,4
376.5,247,250,247,0.45,2
372,1,125,0,0.45,5
376.0,248,250,248,0.45,2
372.0,249,249,248,0.45,4
250,0,0,0,0.45,3
-482.0,247,4,2,0.45,5
247,2,3,0,0.45,4
247,1,0,0,0.45,3
247,1,0,0,0.45,3
372.0,249,249,248,0.45,4
376.0,248,250,248,0.45,2
371.5,4,126,3,0.45,5
376.5,247,250,247,0.45,2
361,4,123,0,0.45,5
241,3,0,0,0.45,3
249,1,2,0,0.45,4
375.5,249,250,249,0.45,2
375.0,248,249,248,0.45,5
376.5,247,250,247,0.45,2
354.0,243,243,236,0.45,4
241,3,0,0,0.45,3
375.0,246,248,246,0.45,5
244,2,0,0,0.45,3
375.0,250,250,250,0.45,4
375.0,250,250,250,0.45,2
365,3,124,0,0.45,5
376.0,248,250,248,0.45,2
372.0,249,249,248,0.45,4
247,1,0,0,0.45,3
368.5,3,125,1,0.45,5
247,2,3,0,0.45,4
247,1,0,0,0.45,3
241,3,0,0,0.45,3
249,1,2,0,0.45,4
375.5,249,250,249,0.45,2
368.0,248,247,246,0.45,5
375.5,249,250,249,0.45,2
357.5,116,178,111,0.45,5
241,3,0,0,0.45,3
372.0,249,249,248,0.45,4
376.0,248,250,248,0.45,2
375.0,248,249,248,0.45,5
375.5,249,250,249,0.45,2
251,0,1,0,0.45,4
244,2,0,0,0.45,3
372,1,125,0,0.45,5
244,2,0,0,0.45,3
247,2,3,0,0.45,4
375.5,249,250,249,0.45,2
372,1,125,0,0.45,5
375.5,249,250,249,0.45,2
249.5,2,3,1,0.45,4
238,4,0,0,0.45,3
361,4,123,0,0.45,5
369.0,248,248,246,0.45,4
238,4,0,0,0.45,3
241,3,0,0,0.45,3
369.0,248,248,246,0.45,4
376.0,248,250,248,0.45,2
371.5,4,126,3,0.45,5
376.5,247,250,247,0.45,2
354.5,11,125,5,0.45,5
241,3,0,0,0.45,3
251.5,1,2,1,0.45,4
376.0,248,250,248,0.45,2
375.0,250,250,250,0.45,5
376.0,248,250,248,0.45,2
249.5,2,3,1,0.45,4
247,1,0,0,0.45,3
365,3,124,0,0.45,5
250,0,0,0,0.45,3
250.0,3,4,2,0.45,4
375.0,250,250,250,0.45,2
375.0,250,250,250,0.45,5
375.5,249,250,249,0.45,2
251,0,1,0,0.45,4
247,1,0,0,0.45,3
375.0,248,249,248,0.45,5
372.0,249,249,248,0.45,4
241,3,0,0,0.45,3
241,3,0,0,0.45,3
372.0,249,249,248,0.45,4
376.0,248,250,248,0.45,2
365,3,124,0,0.45,5
376.5,247,250,247,0.45,2
365,3,124,0,0.45,5
250,0,0,0,0.45,3
249,1,2,0,0.45,4
376.5,247,250,247,0.45,2
-482.0,247,4,2,0.45,5
375.5,249,250,249,0.45,2
250.0,3,4,2,0.45,4
247,1,0,0,0.45,3
368.5,3,125,1,0.45,5
250,0,0,0,0.45,3
336.0,237,237,224,0.45,4
376.5,247,250,247,0.45,2
372.0,3,126,2,0.45,5
376.0,248,250,248,0.45,2
252.0,2,3,2,0.45,4
247,1,0,0,0.45,3
371.5,4,126,3,0.45,5
375.0,250,250,250,0.45,4
244,2,0,0,0.45,3
238,4,0,0,0.45,3
251.5,1,2,1,0.45,4
375.5,249,250,249,0.45,2
368.5,3,125,1,0.45,5
375.5,249,250,249,0.45,2
364.5,4,124,1,0.45,5
241,3,0,0,0.45,3
372.0,249,249,248,0.45,4
376.0,248,250,248,0.45,2
368.5,5,126,3,0.45,5
376.0,248,250,248,0.45,2
312.0,229,229,208,0.45,4
244,2,0,0,0.45,3
371.5,2,125,1,0.45,5
247,1,0,0,0.45,3
249,1,2,0,0.45,4
377.0,246,250,246,0.45,2
365,3,124,0,0.45,5
376.0,248,250,248,0.45,2
249,1,2,0,0.45,4
244,2,0,0,0.45,3
372.0,25,137,24,0.45,5
369.0,248,248,246,0.45,4
241,3,0,0,0.45,3
241,3,0,0,0.45,3
251,0,1,0,0.45,4
375.5,249,250,249,0.45,2
371.5,248,248,247,0.45,5
376.0,248,250,248,0.45,2
361.5,5,124,1,0.45,5
238,4,0,0,0.45,3
351.0,242,242,234,0.45,4
376.0,248,250,248,0.45,2
375.0,250,250,250,0.45,5
375.5,249,250,249,0.45,2
347.5,240,240,231,0.45,4
241,3,0,0,0.45,3
365,3,124,0,0.45,5
244,2,0,0,0.45,3
354.0,243,243,236,0.45,4
376.0,248,250,248,0.45,2
368.0,120,183,118,0.45,5
376.0,248,250,248,0.45,2
375.0,250,250,250,0.45,4
250,0,0,0,0.45,3
375.0,250,250,250,0.45,5
372.0,249,249,248,0.45,4
241,3,0,0,0.45,3
241,3,0,0,0.45,3
375.0,250,250,250,0.45,4
376.5,247,250,247,0.45,2
365,3,124,0,0.45,5
375.5,249,250,249,0.45,2
361.0,236,239,232,0.45,5
244,2,0,0,0.45,3
372.0,249,249,248,0.45,4
376.5,247,250,247,0.45,2
372,1,125,0,0.45,5
376.0,248,250,248,0.45,2
363.0,246,246,242,0.45,4
241,3,0,0,0.45,3
375.0,248,249,248,0.45,5
247,1,0,0,0.45,3
372.0,249,249,248,0.45,4
376.0,248,250,248,0.45,2
371.5,4,126,3,0.45,5
375.5,249,250,249,0.45,2
354.0,243,243,236,0.45,4
241,3,0,0,0.45,3
375.0,248,249,248,0.45,5
354.0,243,243,236,0.45,4
247,1,0,0,0.45,3
247,1,0,0,0.45,3
372.0,249,249,248,0.45,4
376.0,248,250,248,0.45,2
365,3,124,0,0.45,5
376.5,247,250,247,0.45,2
368.0,246,246,244,0.45,5
241,3,0,0,0.45,3
375.0,250,250,250,0.45,4
376.0,248,250,248,0.45,2
375.0,246,248,246,0.45,5
376.0,248,250,248,0.45,2
336.0,237,237,224,0.45,4
238,4,0,0,0.45,3
375.0,248,249,248,0.45,5
244,2,0,0,0.45,3
369.0,248,248,246,0.45,4
376.0,248,250,248,0.45,2
-482.0,247,4,2,0.45,5
376.5,247,250,247,0.45,2
366.0,247,247,244,0.45,4
241,3,0,0,0.45,3
368.5,3,125,1,0.45,5
372.0,249,249,248,0.45,4
241,3,0,0,0.45,3
241,3,0,0,0.45,3
250.0,3,4,2,0.45,4
376.0,248,250,248,0.45,2
371.5,2,125,1,0.45,5
375.5,249,250,249,0.45,2
375.0,248,249,248,0.45,5
241,3,0,0,0.5,3
249,1,2,0,0.5,4
375.0,250,250,250,0.5,2
371.5,248,248,247,0.5,5
377.0,246,250,246,0.5,2
252.0,2,3,2,0.5,4
241,3,0,0,0.5,3
368,2,124,0,0.5,5
241,3,0,0,0.5,3
372.0,249,249,248,0.5,4
376.5,247,250,247,0.5,2
375.0,248,249,248,0.5,5
376.0,248,250,248,0.5,2
247,2,3,0,0.5,4
247,1,0,0,0.5,3
372.0,3,126,2,0.5,5
246.0,5,6,2,0.5,4
244,2,0,0,0.5,3
244,2,0,0,0.5,3
250.0,3,4,2,0.5,4
376.5,247,250,247,0.5,2
375.0,248,249,248,0.5,5
376.5,247,250,247,0.5,2
371.5,248,248,247,0.5,5
244,2,0,0,0.5,3
249,1,2,0,0.5,4
376.5,247,250,247,0.5,2
368,2,124,0,0.5,5
376.5,247,250,247,0.5,2
366.0,247,247,244,0.5,4
244,2,0,0,0.5,3
371.5,2,125,1,0.5,5
250,0,0,0,0.5,3
251.5,1,2,1,0.5,4
376.0,248,250,248,0.5,2
368.5,3,125,1,0.5,5
376.5,247,250,247,0.5,2
252.0,2,3,2,0.5,4
238,4,0,0,0.5,3
368,2,124,0,0.5,5
368.5,247,247,245,0.5,4
244,2,0,0,0.5,3
244,2,0,0,0.5,3
372.0,249,249,248,0.5,4
376.0,248,250,248,0.5,2
368,2,124,0,0.5,5
376.0,248,250,248,0.5,2
368.5,5,126,3,0.5,5
244,2,0,0,0.5,3
252.0,2,3,2,0.5,4
376.0,248,250,248,0.5,2
375.0,248,249,248,0.5,5
377.0,246,250,246,0.5,2
356.5,243,243,237,0.5,4
247,1,0,0,0.5,3
372.0,3,126,2,0.5,5
247,1,0,0,0.5,3
249,1,2,0,0.5,4
375.5,249,250,249,0.5,2
368.5,35,141,33,0.5,5
375.5,249,250,249,0.5,2
252.0,2,3,2,0.5,4
247,1,0,0,0.5,3
375.0,248,249,248,0.5,5
368.5,247,247,245,0.5,4
247,1,0,0,0.5,3
244,2,0,0,0.5,3
249.5,2,3,1,0.5,4
376.5,247,250,247,0.5,2
368.5,3,125,1,0.5,5
375.5,249,250,249,0.5,2
361.5,5,124,1,0.5,5
238,4,0,0,0.5,3
247,2,3,0,0.5,4
375.5,249,250,249,0.5,2
368.5,3,125,1,0.5,5
375.5,249,250,249,0.5,2
249.5,2,3,1,0.5,4
238,4,0,0,0.5,3
372,1,125,0,0.5,5
244,2,0,0,0.5,3
251.5,1,2,1,0.5,4
376.0,248,250,248,0.5,2
368.5,3,125,1,0.5,5
376.0,248,250,248,0.5,2
357.0,244,244,238,0.5,4
247,1,0,0,0.5,3
371.5,2,125,1,0.5,5
359.5,244,244,239,0.5,4
244,2,0,0,0.5,3
247,1,0,0,0.5,3
375.0,250,250,250,0.5,4
376.5,247,250,247,0.5,2
364.5,4,124,1,0.5,5
376.5,247,250,247,0.5,2
365,3,124,0,0.5,5
247,1,0,0,0.5,3
250.0,3,4,2,0.5,4
377.5,245,250,245,0.5,2
372,1,125,0,0.5,5
376.0,248,250,248,0.5,2
366.0,247,247,244,0.5,4
244,2,0,0,0.5,3
361,4,123,0,0.5,5
241,3,0,0,0.5,3
345.0,240,240,230,0.5,4
376.5,247,250,247,0.5,2
365,3,124,0,0.5,5
376.5,247,250,247,0.5,2
347.5,240,240,231,0.5,4
250,0,0,0,0.5,3
375.0,248,249,248,0.5,5
251,0,1,0,0.5,4
247,1,0,0,0.5,3
244,2,0,0,0.5,3
366.0,247,247,244,0.5,4
376.5,247,250,247,0.5,2
368.5,3,125,1,0.5,5
375.5,249,250,249,0.5,2
371.5,244,246,243,0.5,5
244,2,0,0,0.5,3
375.0,250,250,250,0.5,4
376.0,248,250,248,0.5,2
372.0,3,126,2,0.5,5
376.0,248,250,248,0.5,2
375.0,250,250,250,0.5,4
241,3,0,0,0.5,3
372,1,125,0,0.5,5
244,2,0,0,0.5,3
339.0,238,238,226,0.5,4
376.0,248,250,248,0.5,2
375.0,248,249,248,0.5,5
376.5,247,250,247,0.5,2
372.0,249,249,248,0.5,4
247,1,0,0,0.5,3
371.5,4,126,3,0.5,5
251,0,1,0,0.5,4
244,2,0,0,0.5,3
244,2,0,0,0.5,3
252.0,2,3,2,0.5,4
376.5,247,250,247,0.5,2
365,3,124,0,0.5,5
377.0,246,250,246,0.5,2
358.0,9,125,4,0.5,5
244,2,0,0,0.5,3
357.0,244,244,238,0.5,4
375.5,249,250,249,0.5,2
371.5,4,126,3,0.5,5
376.5,247,250,247,0.5,2
330.0,235,235,220,0.5,4
244,2,0,0,0.5,3
372,1,125,0,0.5,5
244,2,0,0,0.5,3
330.0,235,235,220,0.5,4
376.0,248,250,248,0.5,2
372.0,3,126,2,0.5,5
376.0,248,250,248,0.5,2
249,1,2,0,0.5,4
244,2,0,0,0.5,3
372,1,125,0,0.5,5
372.0,249,249,248,0.5,4
244,2,0,0,0.5,3
247,1,0,0,0.5,3
357.0,244,244,238,0.5,4
376.5,247,250,247,0.5,2
371.5,2,125,1,0.5,5
376.0,248,250,248,0.5,2
361,4,123,0,0.5,5
247,1,0,0,0.5,3
249.5,2,3,1,0.5,4
376.0,248,250,248,0.5,2
372.0,3,126,2,0.5,5
376.5,247,250,247,0.5,2
251.5,1,2,1,0.5,4
238,4,0,0,0.5,3
368,2,124,0,0.5,5
250,0,0,0,0.5,3
375.0,250,250,250,0.5,4
376.0,248,250,248,0.5,2
375.0,250,250,250,0.5,5
375.0,250,250,250,0.5,2
249,1,2,0,0.5,4
247,1,0,0,0.5,3
371.5,248,248,247,0.5,5
375.0,250,250,250,0.5,4
247,1,0,0,0.5,3
247,1,0,0,0.5,3
251.5,1,2,1,0.5,4
376.0,248,250,248,0.5,2
365,3,124,0,0.5,5
376.5,247,250,247,0.5,2
364.5,4,124,1,0.5,5
244,2,0,0,0.5,3
247,2,3,0,0.5,4
377.0,246,250,246,0.5,2
364.5,4,124,1,0.5,5
376.0,248,250,248,0.5,2
249,1,2,0,0.5,4
247,1,0,0,0.5,3
368.5,3,125,1,0.5,5
244,2,0,0,0.5,3
249,1,2,0,0.5,4
376.0,248,250,248,0.5,2
375.0,246,248,246,0.5,5
375.5,249,250,249,0.5,2
335.5,236,236,223,0.5,4
247,1,0,0,0.5,3
365,3,124,0,0.5,5
371.5,248,248,247,0.5,4
238,4,0,0,0.5,3
247,1,0,0,0.5,3
357.0,244,244,238,0.5,4
376.5,247,250,247,0.5,2
368.5,3,125,1,0.5,5
377.0,246,250,246,0.5,2
372,1,125,0,0.5,5
244,2,0,0,0.5,3
247,2,3,0,0.5,4
375.5,249,250,249,0.5,2
371.5,4,126,3,0.5,5
376.5,247,250,247,0.5,2
252.0,2,3,2,0.5,4
244,2,0,0,0.5,3
368.5,3,125,1,0.5,5
247,1,0,0,0.5,3
247,2,3,0,0.5,4
376.5,247,250,247,0.5,2
372.0,3,126,2,0.5,5
376.5,247,250,247,0.5,2
342.0,239,239,228,0.5,4
244,2,0,0,0.5,3
372.0,3,126,2,0.5,5
375.0,250,250,250,0.5,4
247,1,0,0,0.5,3
244,2,0,0,0.5,3
251.5,1,2,1,0.5,4
375.0,250,250,250,0.5,2
364.5,4,124,1,0.5,5
376.5,247,250,247,0.5,2
368.5,5,126,3,0.5,5
241,3,0,0,0.55,3
375.0,250,250,250,0.55,4
376.5,247,250,247,0.55,2
372.0,3,126,2,0.55,5
376.5,247,250,247,0.55,2
251.5,1,2,1,0.55,4
247,1,0,0,0.55,3
368,2,124,0,0.55,5
247,1,0,0,0.55,3
368.5,247,247,245,0.55,4
376.0,248,250,248,0.55,2
375.0,248,249,248,0.55,5
376.5,247,250,247,0.55,2
249,1,2,0,0.55,4
247,1,0,0,0.55,3
371.5,4,126,3,0.55,5
372.0,249,249,248,0.55,4
244,2,0,0,0.55,3
241,3,0,0,0.55,3
368.5,247,247,245,0.55,4
376.5,247,250,247,0.55,2
371.5,4,126,3,0.55,5
376.5,247,250,247,0.55,2
372.0,3,126,2,0.55,5
244,2,0,0,0.55,3
250.0,3,4,2,0.55,4
377.0,246,250,246,0.55,2
375.0,250,250,250,0.55,5
376.0,248,250,248,0.55,2
372.0,249,249,248,0.55,4
244,2,0,0,0.55,3
372,1,125,0,0.55,5
250,0,0,0,0.55,3
249,1,2,0,0.55,4
375.5,249,250,249,0.55,2
368,2,124,0,0.55,5
376.0,248,250,248,0.55,2
372.0,249,249,248,0.55,4
244,2,0,0,0.55,3
371.5,248,248,247,0.55,5
249.5,2,3,1,0.55,4
250,0,0,0,0.55,3
247,1,0,0,0.55,3
372.0,249,249,248,0.55,4
376.0,248,250,248,0.55,2
368.5,3,125,1,0.55,5
376.0,248,250,248,0.55,2
358,5,123,0,0.55,5
247,1,0,0,0.55,3
372.0,249,249,248,0.55,4
376.5,247,250,247,0.55,2
368.5,3,125,1,0.55,5
375.5,249,250,249,0.55,2
372.0,249,249,248,0.55,4
250,0,0,0,0.55,3
375.0,248,249,248,0.55,5
238,4,0,0,0.55,3
345.0,240,240,230,0.55,4
376.0,248,250,248,0.55,2
375.0,248,249,248,0.55,5
376.0,248,250,248,0.55,2
249.5,2,3,1,0.55,4
250,0,0,0,0.55,3
368.5,3,125,1,0.55,5
247,2,3,0,0.55,4
247,1,0,0,0.55,3
241,3,0,0,0.55,3
359.5,244,244,239,0.55,4
376.5,247,250,247,0.55,2
372,1,125,0,0.55,5
375.5,249,250,249,0.55,2
371.5,248,248,247,0.55,5
244,2,0,0,0.55,3
250.0,3,4,2,0.55,4
377.0,246,250,246,0.55,2
372,1,125,0,0.55,5
375.5,249,250,249,0.55,2
369.0,248,248,246,0.55,4
244,2,0,0,0.55,3
368,2,124,0,0.55,5
244,2,0,0,0.55,3
363.0,246,246,242,0.55,4
376.0,248,250,248,0.55,2
365,3,124,0,0.55,5
375.5,249,250,249,0.55,2
251.5,1,2,1,0.55,4
247,1,0,0,0.55,3
371.5,4,126,3,0.55,5
251,0,1,0,0.55,4
247,1,0,0,0.55,3
244,2,0,0,0.55,3
247,2,3,0,0.55,4
376.0,248,250,248,0.55,2
372,1,125,0,0.55,5
376.5,247,250,247,0.55,2
368.5,3,125,1,0.55,5
241,3,0,0,0.55,3
375.0,250,250,250,0.55,4
376.5,247,250,247,0.55,2
372.0,3,126,2,0.55,5
375.5,249,250,249,0.55,2
371.5,248,248,247,0.55,4
244,2,0,0,0.55,3
371.5,2,125,1,0.55,5
241,3,0,0,0.55,3
247,2,3,0,0.55,4
377.0,246,250,246,0.55,2
368.0,184,215,182,0.55,5
376.0,248,250,248,0.55,2
249,1,2,0,0.55,4
247,1,0,0,0.55,3
365,3,124,0,0.55,5
249.5,2,3,1,0.55,4
241,3,0,0,0.55,3
247,1,0,0,0.55,3
360.0,245,245,240,0.55,4
375.5,249,250,249,0.55,2
364.5,176,210,173,0.55,5
376.0,248,250,248,0.55,2
357.5,8,124,3,0.55,5
241,3,0,0,0.55,3
249,1,2,0,0.55,4
377.0,246,250,246,0.55,2
371.5,2,125,1,0.55,5
376.5,247,250,247,0.55,2
365.5,246,246,243,0.55,4
244,2,0,0,0.55,3
365,3,124,0,0.55,5
247,1,0,0,0.55,3
247,2,3,0,0.55,4
376.5,247,250,247,0.55,2
372.0,3,126,2,0.55,5
376.5,247,250,247,0.55,2
250.0,3,4,2,0.55,4
247,1,0,0,0.55,3
371.5,248,248,247,0.55,5
375.0,250,250,250,0.55,4
241,3,0,0,0.55,3
241,3,0,0,0.55,3
249,1,2,0,0.55,4
376.0,248,250,248,0.55,2
375.0,250,250,250,0.55,5
377.0,246,250,246,0.55,2
372.0,3,126,2,0.55,5
241,3,0,0,0.55,3
372.0,249,249,248,0.55,4
377.0,246,250,246,0.55,2
371.5,4,126,3,0.55,5
376.5,247,250,247,0.55,2
252.0,2,3,2,0.55,4
241,3,0,0,0.55,3
368.5,5,126,3,0.55,5
244,2,0,0,0.55,3
372.0,249,249,248,0.55,4
376.5,247,250,247,0.55,2
372.0,3,126,2,0.55,5
377.0,246,250,246,0.55,2
363.0,246,246,242,0.55,4
247,1,0,0,0.55,3
371.5,2,125,1,0.55,5
250.0,3,4,2,0.55,4
247,1,0,0,0.55,3
241,3,0,0,0.55,3
247,2,3,0,0.55,4
377.0,246,250,246,0.55,2
368.5,3,125,1,0.55,5
375.5,249,250,249,0.55,2
361.5,5,124,1,0.55,5
244,2,0,0,0.55,3
371.5,248,248,247,0.55,4
376.0,248,250,248,0.55,2
365,3,124,0,0.55,5
376.5,247,250,247,0.55,2
372.0,249,249,248,0.55,4
244,2,0,0,0.55,3
368,2,124,0,0.55,5
241,3,0,0,0.55,3
357.0,244,244,238,0.55,4
376.5,247,250,247,0.55,2
375.0,250,250,250,0.55,5
376.0,248,250,248,0.55,2
363.0,246,246,242,0.55,4
241,3,0,0,0.55,3
368,2,124,0,0.55,5
369.0,248,248,246,0.55,4
244,2,0,0,0.55,3
244,2,0,0,0.55,3
249,1,2,0,0.55,4
376.0,248,250,248,0.55,2
368,2,124,0,0.55,5
375.5,249,250,249,0.55,2
375.0,250,250,250,0.55,5
250,0,0,0,0.55,3
252.0,2,3,2,0.55,4
375.5,249,250,249,0.55,2
375.0,248,249,248,0.55,5
375.5,249,250,249,0.55,2
342.0,239,239,228,0.55,4
244,2,0,0,0.55,3
375.0,248,249,248,0.55,5
241,3,0,0,0.55,3
375.0,250,250,250,0.55,4
376.5,247,250,247,0.55,2
372.0,3,126,2,0.55,5
376.5,247,250,247,0.55,2
371.5,248,248,247,0.55,4
244,2,0,0,0.55,3
372,1,125,0,0.55,5
249.5,2,3,1,0.55,4
250,0,0,0,0.55,3
244,2,0,0,0.55,3
369.0,248,248,246,0.55,4
375.0,250,250,250,0.55,2
365,3,124,0,0.55,5
377.0,246,250,246,0.55,2
361.0,238,240,234,0.55,5
250,0,0,0,0.55,3
252.0,2,3,2,0.55,4
376.5,247,250,247,0.55,2
364.5,48,146,45,0.55,5
375.5,249,250,249,0.55,2
369.0,248,248,246,0.55,4
250,0,0,0,0.55,3
368.0,216,231,214,0.55,5
250,0,0,0,0.55,3
251,0,1,0,0.55,4
377.0,246,250,246,0.55,2
365,3,124,0,0.55,5
377.0,246,250,246,0.55,2
375.0,250,250,250,0.55,4
244,2,0,0,0.55,3
375.0,250,250,250,0.55,5
359.5,244,244,239,0.55,4
244,2,0,0,0.55,3
250,0,0,0,0.55,3
372.0,249,249,248,0.55,4
376.5,247,250,247,0.55,2
372.0,3,126,2,0.55,5
376.0,248,250,248,0.55,2
375.0,248,249,248,0.55,5
241,3,0,0,0.6,3
249,1,2,0,0.6,4
375.5,249,250,249,0.6,2
372,1,125,0,0.6,5
377.0,246,250,246,0.6,2
360.0,245,245,240,0.6,4
247,1,0,0,0.6,3
375.0,250,250,250,0.6,5
247,1,0,0,0.6,3
247,2,3,0,0.6,4
376.0,248,250,248,0.6,2
368.5,3,125,1,0.6,5
376.5,247,250,247,0.6,2
357.0,244,244,238,0.6,4
241,3,0,0,0.6,3
365,3,124,0,0.6,5
251.5,1,2,1,0.6,4
244,2,0,0,0.6,3
247,1,0,0,0.6,3
330.0,235,235,220,0.6,4
377.0,246,250,246,0.6,2
368.5,3,125,1,0.6,5
376.5,247,250,247,0.6,2
361.5,5,124,1,0.6,5
244,2,0,0,0.6,3
249,1,2,0,0.6,4
377.0,246,250,246,0.6,2
368,2,124,0,0.6,5
376.0,248,250,248,0.6,2
249.5,2,3,1,0.6,4
244,2,0,0,0.6,3
375.0,248,249,248,0.6,5
244,2,0,0,0.6,3
251,0,1,0,0.6,4
376.0,248,250,248,0.6,2
371.5,4,126,3,0.6,5
376.0,248,250,248,0.6,2
371.5,248,248,247,0.6,4
244,2,0,0,0.6,3
372,1,125,0,0.6,5
251.5,1,2,1,0.6,4
241,3,0,0,0.6,3
247,1,0,0,0.6,3
251,0,1,0,0.6,4
376.0,248,250,248,0.6,2
371.5,2,125,1,0.6,5
377.0,246,250,246,0.6,2
365,3,124,0,0.6,5
241,3,0,0,0.6,3
375.0,250,250,250,0.6,4
376.5,247,250,247,0.6,2
368,2,124,0,0.6,5
376.5,247,250,247,0.6,2
251.5,1,2,1,0.6,4
241,3,0,0,0.6,3
375.0,248,249,248,0.6,5
250,0,0,0,0.6,3
330.0,235,235,220,0.6,4
375.5,249,250,249,0.6,2
372,1,125,0,0.6,5
376.5,247,250,247,0.6,2
251,0,1,0,0.6,4
244,2,0,0,0.6,3
372,1,125,0,0.6,5
366.0,247,247,244,0.6,4
247,1,0,0,0.6,3
250,0,0,0,0.6,3
351.0,242,242,234,0.6,4
376.0,248,250,248,0.6,2
368.0,180,213,178,0.6,5
376.0,248,250,248,0.6,2
361.0,234,238,230,0.6,5
250,0,0,0,0.6,3
251,0,1,0,0.6,4
377.5,245,250,245,0.6,2
375.0,248,249,248,0.6,5
376.5,247,250,247,0.6,2
372.0,249,249,248,0.6,4
244,2,0,0,0.6,3
368,2,124,0,0.6,5
241,3,0,0,0.6,3
250.0,3,4,2,0.6,4
377.0,246,250,246,0.6,2
371.5,2,125,1,0.6,5
376.0,248,250,248,0.6,2
249.5,2,3,1,0.6,4
247,1,0,0,0.6,3
372,1,125,0,0.6,5
375.0,250,250,250,0.6,4
241,3,0,0,0.6,3
247,1,0,0,0.6,3
247,2,3,0,0.6,4
376.0,248,250,248,0.6,2
365,3,124,0,0.6,5
376.0,248,250,248,0.6,2
357.5,22,131,17,0.6,5
244,2,0,0,0.6,3
249,1,2,0,0.6,4
375.0,250,250,250,0.6,2
368,2,124,0,0.6,5
376.5,247,250,247,0.6,2
249,1,2,0,0.6,4
247,1,0,0,0.6,3
372,1,125,0,0.6,5
247,1,0,0,0.6,3
371.5,248,248,247,0.6,4
376.5,247,250,247,0.6,2
365,3,124,0,0.6,5
376.0,248,250,248,0.6,2
348.0,241,241,232,0.6,4
250,0,0,0,0.6,3
375.0,248,249,248,0.6,5
375.0,250,250,250,0.6,4
244,2,0,0,0.6,3
247,1,0,0,0.6,3
251,0,1,0,0.6,4
376.0,248,250,248,0.6,2
372.0,3,126,2,0.6,5
377.0,246,250,246,0.6,2
365.0,5,125,2,0.6,5
247,1,0,0,0.6,3
251,0,1,0,0.6,4
377.0,246,250,246,0.6,2
372,1,125,0,0.6,5
376.0,248,250,248,0.6,2
251,0,1,0,0.6,4
244,2,0,0,0.6,3
368.0,4,125,2,0.6,5
250,0,0,0,0.6,3
368.5,247,247,245,0.6,4
376.5,247,250,247,0.6,2
375.0,248,249,248,0.6,5
376.5,247,250,247,0.6,2
351.0,242,242,234,0.6,4
247,1,0,0,0.6,3
372,1,125,0,0.6,5
372.0,249,249,248,0.6,4
247,1,0,0,0.6,3
241,3,0,0,0.6,3
247,2,3,0,0.6,4
376.0,248,250,248,0.6,2
368.5,3,125,1,0.6,5
376.0,248,250,248,0.6,2
371.5,248,248,247,0.6,5
247,1,0,0,0.6,3
252.0,2,3,2,0.6,4
376.5,247,250,247,0.6,2
372,1,125,0,0.6,5
376.0,248,250,248,0.6,2
249,1,2,0,0.6,4
244,2,0,0,0.6,3
372.0,3,126,2,0.6,5
244,2,0,0,0.6,3
249,1,2,0,0.6,4
376.5,247,250,247,0.6,2
372.0,3,126,2,0.6,5
376.0,248,250,248,0.6,2
371.5,248,248,247,0.6,4
244,2,0,0,0.6,3
368.5,5,126,3,0.6,5
250.0,3,4,2,0.6,4
247,1,0,0,0.6,3
238,4,0,0,0.6,3
362.5,245,245,241,0.6,4
376.0,248,250,248,0.6,2
375.0,250,250,250,0.6,5
376.5,247,250,247,0.6,2
368.5,3,125,1,0.6,5
244,2,0,0,0.6,3
251.5,1,2,1,0.6,4
376.5,247,250,247,0.6,2
375.0,248,249,248,0.6,5
376.0,248,250,248,0.6,2
345.0,240,240,230,0.6,4
244,2,0,0,0.6,3
371.5,248,248,247,0.6,5
250,0,0,0,0.6,3
251.5,1,2,1,0.6,4
376.0,248,250,248,0.6,2
375.0,248,249,248,0.6,5
375.5,249,250,249,0.6,2
251,0,1,0,0.6,4
244,2,0,0,0.6,3
368.5,3,125,1,0.6,5
251,0,1,0,0.6,4
247,1,0,0,0.6,3
247,1,0,0,0.6,3
372.0,249,249,248,0.6,4
377.0,246,250,246,0.6,2
372.0,3,126,2,0.6,5
376.0,248,250,248,0.6,2
375.0,246,248,246,0.6,5
241,3,0,0,0.6,3
251,0,1,0,0.6,4
375.5,249,250,249,0.6,2
372,1,125,0,0.6,5
377.0,246,250,246,0.6,2
344.5,239,239,229,0.6,4
247,1,0,0,0.6,3
371.5,2,125,1,0.6,5
241,3,0,0,0.6,3
249,1,2,0,0.6,4
376.0,248,250,248,0.6,2
372.0,3,126,2,0.6,5
376.5,247,250,247,0.6,2
366.0,247,247,244,0.6,4
244,2,0,0,0.6,3
371.5,248,248,247,0.6,5
372.0,249,249,248,0.6,4
244,2,0,0,0.6,3
244,2,0,0,0.6,3
339.0,238,238,226,0.6,4
375.5,249,250,249,0.6,2
371.5,248,248,247,0.6,5
375.5,249,250,249,0.6,2
361.0,6,124,2,0.6,5
247,1,0,0,0.6,3
249.5,2,3,1,0.6,4
376.0,248,250,248,0.6,2
368,2,124,0,0.6,5
376.5,247,250,247,0.6,2
249.5,2,3,1,0.6,4
247,1,0,0,0.6,3
365,3,124,0,0.6,5
241,3,0,0,0.6,3
252.0,2,3,2,0.6,4
376.5,247,250,247,0.6,2
372.0,3,126,2,0.6,5
376.0,248,250,248,0.6,2
249.5,2,3,1,0.6,4
244,2,0,0,0.6,3
375.0,248,249,248,0.6,5
371.5,248,248,247,0.6,4
244,2,0,0,0.6,3
244,2,0,0,0.6,3
252.0,2,3,2,0.6,4
375.5,249,250,249,0.6,2
365,3,124,0,0.6,5
376.5,247,250,247,0.6,2
357.5,6,123,1,0.6,5
244,2,0,0,0.65,3
252.0,2,3,2,0.65,4
376.5,247,250,247,0.65,2
372.0,3,126,2,0.65,5
376.5,247,250,247,0.65,2
252.0,2,3,2,0.65,4
250,0,0,0,0.65,3
372,1,125,0,0.65,5
247,1,0,0,0.65,3
250.0,3,4,2,0.65,4
376.0,248,250,248,0.65,2
371.5,2,125,1,0.65,5
376.5,247,250,247,0.65,2
375.0,250,250,250,0.65,4
244,2,0,0,0.65,3
375.0,248,249,248,0.65,5
375.0,250,250,250,0.65,4
244,2,0,0,0.65,3
244,2,0,0,0.65,3
249,1,2,0,0.65,4
375.5,249,250,249,0.65,2
375.0,244,247,244,0.65,5
375.5,249,250,249,0.65,2
368.0,4,125,2,0.65,5
247,1,0,0,0.65,3
360.0,245,245,240,0.65,4
377.0,246,250,246,0.65,2
368,2,124,0,0.65,5
377.5,245,250,245,0.65,2
252.0,2,3,2,0.65,4
244,2,0,0,0.65,3
368.5,69,158,67,0.65,5
244,2,0,0,0.65,3
369.0,248,248,246,0.65,4
376.0,248,250,248,0.65,2
371.5,2,125,1,0.65,5
376.5,247,250,247,0.65,2
372.0,249,249,248,0.65,4
250,0,0,0,0.65,3
375.0,250,250,250,0.65,5
251,0,1,0,0.65,4
250,0,0,0,0.65,3
244,2,0,0,0.65,3
375.0,250,250,250,0.65,4
376.5,247,250,247,0.65,2
368,2,124,0,0.65,5
376.0,248,250,248,0.65,2
372,1,125,0,0.65,5
247,1,0,0,0.65,3
249,1,2,0,0.65,4
376.5,247,250,247,0.65,2
372,1,125,0,0.65,5
376.0,248,250,248,0.65,2
247,2,3,0,0.65,4
244,2,0,0,0.65,3
371.5,2,125,1,0.65,5
247,1,0,0,0.65,3
372.0,249,249,248,0.65,4
376.0,248,250,248,0.65,2
372,1,125,0,0.65,5
376.5,247,250,247,0.65,2
362.5,245,245,241,0.65,4
247,1,0,0,0.65,3
368,2,124,0,0.65,5
251.5,1,2,1,0.65,4
247,1,0,0,0.65,3
247,1,0,0,0.65,3
249.5,2,3,1,0.65,4
376.0,248,250,248,0.65,2
365,3,124,0,0.65,5
375.5,249,250,249,0.65,2
371.5,242,245,241,0.65,5
247,1,0,0,0.65,3
372.0,249,249,248,0.65,4
376.0,248,250,248,0.65,2
368.5,3,125,1,0.65,5
377.0,246,250,246,0.65,2
247,2,3,0,0.65,4
247,1,0,0,0.65,3
368.5,3,125,1,0.65,5
241,3,0,0,0.65,3
369.0,248,248,246,0.65,4
376.5,247,250,247,0.65,2
371.5,2,125,1,0.65,5
375.5,249,250,249,0.65,2
368.5,247,247,245,0.65,4
250,0,0,0,0.65,3
372,1,125,0,0.65,5
351.0,242,242,234,0.65,4
244,2,0,0,0.65,3
247,1,0,0,0.65,3
251,0,1,0,0.65,4
376.0,248,250,248,0.65,2
368,2,124,0,0.65,5
377.0,246,250,246,0.65,2
361.0,6,124,2,0.65,5
244,2,0,0,0.65,3
251,0,1,0,0.65,4
376.0,248,250,248,0.65,2
372,1,125,0,0.65,5
376.5,247,250,247,0.65,2
251,0,1,0,0.65,4
247,1,0,0,0.65,3
368,2,124,0,0.65,5
247,1,0,0,0.65,3
345.0,240,240,230,0.65,4
377.0,246,250,246,0.65,2
372,1,125,0,0.65,5
377.0,246,250,246,0.65,2
249,1,2,0,0.65,4
250,0,0,0,0.65,3
372,1,125,0,0.65,5
249,1,2,0,0.65,4
241,3,0,0,0.65,3
247,1,0,0,0.65,3
330.0,235,235,220,0.65,4
376.5,247,250,247,0.65,2
368.5,3,125,1,0.65,5
377.0,246,250,246,0.65,2
368.0,238,242,236,0.65,5
250,0,0,0,0.65,3
366.0,247,247,244,0.65,4
375.5,249,250,249,0.65,2
375.0,248,249,248,0.65,5
376.5,247,250,247,0.65,2
368.5,247,247,245,0.65,4
244,2,0,0,0.65,3
375.0,248,249,248,0.65,5
247,1,0,0,0.65,3
249.5,2,3,1,0.65,4
377.0,246,250,246,0.65,2
365,3,124,0,0.65,5
376.0,248,250,248,0.65,2
366.0,247,247,244,0.65,4
250,0,0,0,0.65,3
371.5,2,125,1,0.65,5
353.0,241,241,234,0.65,4
250,0,0,0,0.65,3
250,0,0,0,0.65,3
249.5,2,3,1,0.65,4
378.0,244,250,244,0.65,2
372,1,125,0,0.65,5
376.5,247,250,247,0.65,2
371.5,248,248,247,0.65,5
247,1,0,0,0.65,3
251,0,1,0,0.65,4
377.5,245,250,245,0.65,2
368.5,3,125,1,0.65,5
376.5,247,250,247,0.65,2
249,1,2,0,0.65,4
247,1,0,0,0.65,3
371.5,2,125,1,0.65,5
247,1,0,0,0.65,3
249,1,2,0,0.65,4
376.0,248,250,248,0.65,2
375.0,248,249,248,0.65,5
377.0,246,250,246,0.65,2
345.0,240,240,230,0.65,4
244,2,0,0,0.65,3
365,3,124,0,0.65,5
243.5,5,6,1,0.65,4
250,0,0,0,0.65,3
244,2,0,0,0.65,3
372.0,249,249,248,0.65,4
376.0,248,250,248,0.65,2
368,2,124,0,0.65,5
377.0,246,250,246,0.65,2
361.0,6,124,2,0.65,5
247,1,0,0,0.65,3
251.5,1,2,1,0.65,4
375.5,249,250,249,0.65,2
368,2,124,0,0.65,5
376.0,248,250,248,0.65,2
251.5,1,2,1,0.65,4
244,2,0,0,0.65,3
372.0,3,126,2,0.65,5
244,2,0,0,0.65,3
250.0,3,4,2,0.65,4
376.5,247,250,247,0.65,2
372,1,125,0,0.65,5
376.0,248,250,248,0.65,2
249,1,2,0,0.65,4
244,2,0,0,0.65,3
372,1,125,0,0.65,5
249,1,2,0,0.65,4
247,1,0,0,0.65,3
250,0,0,0,0.65,3
354.0,243,243,236,0.65,4
376.0,248,250,248,0.65,2
372.0,3,126,2,0.65,5
376.5,247,250,247,0.65,2
361,4,123,0,0.65,5
247,1,0,0,0.65,3
251.5,1,2,1,0.65,4
376.5,247,250,247,0.65,2
372,1,125,0,0.65,5
376.5,247,250,247,0.65,2
252.0,2,3,2,0.65,4
244,2,0,0,0.65,3
372,1,125,0,0.65,5
250,0,0,0,0.65,3
251.5,1,2,1,0.65,4
376.0,248,250,248,0.65,2
371.5,4,126,3,0.65,5
375.5,249,250,249,0.65,2
339.0,238,238,226,0.65,4
250,0,0,0,0.65,3
368,2,124,0,0.65,5
249,1,2,0,0.65,4
247,1,0,0,0.65,3
247,1,0,0,0.65,3
335.5,236,236,223,0.65,4
376.5,247,250,247,0.65,2
368.5,3,125,1,0.65,5
376.0,248,250,248,0.65,2
372,1,125,0,0.65,5
241,3,0,0,0.65,3
356.5,243,243,237,0.65,4
376.0,248,250,248,0.65,2
368.5,135,191,133,0.65,5
376.0,248,250,248,0.65,2
249,1,2,0,0.65,4
250,0,0,0,0.65,3
375.0,248,249,248,0.65,5
250,0,0,0,0.65,3
332.5,235,235,221,0.65,4
376.5,247,250,247,0.65,2
372,1,125,0,0.65,5
377.0,246,250,246,0.65,2
354.0,243,243,236,0.65,4
244,2,0,0,0.65,3
368,2,124,0,0.65,5
249,1,2,0,0.65,4
247,1,0,0,0.65,3
244,2,0,0,0.65,3
368.5,247,247,245,0.65,4
376.0,248,250,248,0.65,2
372,1,125,0,0.65,5
376.5,247,250,247,0.65,2
372,1,125,0,0.65,5
244,2,0,0,0.7,3
250.0,3,4,2,0.7,4
376.5,247,250,247,0.7,2
375,0,125,0,0.7,5
376.5,247,250,247,0.7,2
321.0,232,232,214,0.7,4
247,1,0,0,0.7,3
371.5,2,125,1,0.7,5
250,0,0,0,0.7,3
251,0,1,0,0.7,4
376.5,247,250,247,0.7,2
371.5,2,125,1,0.7,5
377.0,246,250,246,0.7,2
250.0,3,4,2,0.7,4
250,0,0,0,0.7,3
375,0,125,0,0.7,5
366.0,247,247,244,0.7,4
247,1,0,0,0.7,3
250,0,0,0,0.7,3
251,0,1,0,0.7,4
376.5,247,250,247,0.7,2
368,2,124,0,0.7,5
377.0,246,250,246,0.7,2
365,3,124,0,0.7,5
250,0,0,0,0.7,3
344.5,239,239,229,0.7,4
377.0,246,250,246,0.7,2
368,2,124,0,0.7,5
377.0,246,250,246,0.7,2
251,0,1,0,0.7,4
247,1,0,0,0.7,3
375,0,125,0,0.7,5
247,1,0,0,0.7,3
249,1,2,0,0.7,4
376.5,247,250,247,0.7,2
371.5,2,125,1,0.7,5
376.0,248,250,248,0.7,2
249,1,2,0,0.7,4
244,2,0,0,0.7,3
375,0,125,0,0.7,5
247,2,3,0,0.7,4
247,1,0,0,0.7,3
247,1,0,0,0.7,3
251,0,1,0,0.7,4
377.5,245,250,245,0.7,2
368.0,4,125,2,0.7,5
376.5,247,250,247,0.7,2
368.5,3,125,1,0.7,5
247,1,0,0,0.7,3
359.5,244,244,239,0.7,4
377.5,245,250,245,0.7,2
375,0,125,0,0.7,5
376.5,247,250,247,0.7,2
363.5,245,246,241,0.7,4
247,1,0,0,0.7,3
371.5,2,125,1,0.7,5
250,0,0,0,0.7,3
249,1,2,0,0.7,4
376.5,247,250,247,0.7,2
371.5,2,125,1,0.7,5
376.5,247,250,247,0.7,2
251,0,1,0,0.7,4
244,2,0,0,0.7,3
375,0,125,0,0.7,5
251,0,1,0,0.7,4
244,2,0,0,0.7,3
247,1,0,0,0.7,3
369.0,248,248,246,0.7,4
377.0,246,250,246,0.7,2
375,0,125,0,0.7,5
376.5,247,250,247,0.7,2
368.0,244,245,242,0.7,5
247,1,0,0,0.7,3
369.0,248,248,246,0.7,4
376.0,248,250,248,0.7,2
372.0,3,126,2,0.7,5
376.5,247,250,247,0.7,2
249,1,2,0,0.7,4
247,1,0,0,0.7,3
371.5,2,125,1,0.7,5
250,0,0,0,0.7,3
252.0,2,3,2,0.7,4
376.0,248,250,248,0.7,2
368,2,124,0,0.7,5
376.0,248,250,248,0.7,2
249,1,2,0,0.7,4
247,1,0,0,0.7,3
372,1,125,0,0.7,5
247.5,3,4,1,0.7,4
250,0,0,0,0.7,3
250,0,0,0,0.7,3
371.5,248,248,247,0.7,4
377.0,246,250,246,0.7,2
368,2,124,0,0.7,5
376.5,247,250,247,0.7,2
361.5,197,220,193,0.7,5
247,1,0,0,0.7,3
351.0,242,242,234,0.7,4
376.0,248,250,248,0.7,2
372,1,125,0,0.7,5
376.0,248,250,248,0.7,2
249,1,2,0,0.7,4
247,1,0,0,0.7,3
371.5,2,125,1,0.7,5
244,2,0,0,0.7,3
368.5,247,247,245,0.7,4
376.5,247,250,247,0.7,2
375,0,125,0,0.7,5
377.5,245,250,245,0.7,2
247,2,3,0,0.7,4
247,1,0,0,0.7,3
371.5,2,125,1,0.7,5
372.0,249,249,248,0.7,4
247,1,0,0,0.7,3
247,1,0,0,0.7,3
371.5,248,248,247,0.7,4
377.0,246,250,246,0.7,2
368,2,124,0,0.7,5
376.5,247,250,247,0.7,2
368.0,240,243,238,0.7,5
250,0,0,0,0.7,3
250.0,3,4,2,0.7,4
376.5,247,250,247,0.7,2
371.5,2,125,1,0.7,5
376.5,247,250,247,0.7,2
348.0,241,241,232,0.7,4
247,1,0,0,0.7,3
371.5,2,125,1,0.7,5
250,0,0,0,0.7,3
251,0,1,0,0.7,4
376.0,248,250,248,0.7,2
368.5,3,125,1,0.7,5
377.5,245,250,245,0.7,2
375.0,250,250,250,0.7,4
244,2,0,0,0.7,3
375,0,125,0,0.7,5
251,0,1,0,0.7,4
250,0,0,0,0.7,3
247,1,0,0,0.7,3
363.0,246,246,242,0.7,4
377.0,246,250,246,0.7,2
368,2,124,0,0.7,5
376.5,247,250,247,0.7,2
357.5,6,123,1,0.7,5
247,1,0,0,0.7,3
249,1,2,0,0.7,4
377.0,246,250,246,0.7,2
372,1,125,0,0.7,5
377.0,246,250,246,0.7,2
251,0,1,0,0.7,4
247,1,0,0,0.7,3
371.5,2,125,1,0.7,5
247,1,0,0,0.7,3
368.5,247,247,245,0.7,4
377.0,246,250,246,0.7,2
372.0,3,126,2,0.7,5
376.5,247,250,247,0.7,2
247,2,3,0,0.7,4
247,1,0,0,0.7,3
375,0,125,0,0.7,5
247,2,3,0,0.7,4
244,2,0,0,0.7,3
244,2,0,0,0.7,3
290.5,221,221,193,0.7,4
376.0,248,250,248,0.7,2
375,0,125,0,0.7,5
377.5,245,250,245,0.7,2
368.5,3,125,1,0.7,5
247,1,0,0,0.7,3
252.0,2,3,2,0.7,4
376.5,247,250,247,0.7,2
372,1,125,0,0.7,5
375.5,249,250,249,0.7,2
251,0,1,0,0.7,4
247,1,0,0,0.7,3
365,3,124,0,0.7,5
250,0,0,0,0.7,3
251,0,1,0,0.7,4
376.5,247,250,247,0.7,2
368,2,124,0,0.7,5
377.0,246,250,246,0.7,2
251,0,1,0,0.7,4
250,0,0,0,0.7,3
371.5,2,125,1,0.7,5
372.0,249,249,248,0.7,4
247,1,0,0,0.7,3
247,1,0,0,0.7,3
251,0,1,0,0.7,4
377.0,246,250,246,0.7,2
365,3,124,0,0.7,5
377.0,246,250,246,0.7,2
371.5,244,246,243,0.7,5
244,2,0,0,0.7,3
249,1,2,0,0.7,4
376.5,247,250,247,0.7,2
368,2,124,0,0.7,5
375.5,249,250,249,0.7,2
341.5,238,238,227,0.7,4
244,2,0,0,0.7,3
371.5,120,184,119,0.7,5
250,0,0,0,0.7,3
344.5,239,239,229,0.7,4
377.0,246,250,246,0.7,2
372,1,125,0,0.7,5
377.0,246,250,246,0.7,2
249,1,2,0,0.7,4
244,2,0,0,0.7,3
371.5,2,125,1,0.7,5
251,0,1,0,0.7,4
244,2,0,0,0.7,3
244,2,0,0,0.7,3
332.5,235,235,221,0.7,4
376.5,247,250,247,0.7,2
371.5,2,125,1,0.7,5
376.5,247,250,247,0.7,2
371.5,248,248,247,0.7,5
250,0,0,0,0.7,3
252.0,2,3,2,0.7,4
376.5,247,250,247,0.7,2
375,0,125,0,0.7,5
377.0,246,250,246,0.7,2
368.5,247,247,245,0.7,4
247,1,0,0,0.7,3
375,0,125,0,0.7,5
244,2,0,0,0.7,3
251.5,1,2,1,0.7,4
376.0,248,250,248,0.7,2
375.0,248,249,248,0.7,5
377.0,246,250,246,0.7,2
348.0,241,241,232,0.7,4
247,1,0,0,0.7,3
365,3,124,0,0.7,5
362.5,245,245,241,0.7,4
247,1,0,0,0.7,3
247,1,0,0,0.7,3
354.0,243,243,236,0.7,4
376.5,247,250,247,0.7,2
371.5,4,126,3,0.7,5
377.5,245,250,245,0.7,2
368.5,3,125,1,0.7,5
247,1,0,0,0.75,3
251.5,1,2,1,0.75,4
376.0,248,250,248,0.75,2
368,2,124,0,0.75,5
377.0,246,250,246,0.75,2
249,1,2,0,0.75,4
250,0,0,0,0.75,3
371.5,2,125,1,0.75,5
250,0,0,0,0.75,3
249,1,2,0,0.75,4
376.5,247,250,247,0.75,2
372,1,125,0,0.75,5
376.0,248,250,248,0.75,2
251,0,1,0,0.75,4
250,0,0,0,0.75,3
368.0,4,125,2,0.75,5
247.5,3,4,1,0.75,4
247,1,0,0,0.75,3
247,1,0,0,0.75,3
251,0,1,0,0.75,4
376.5,247,250,247,0.75,2
368.0,128,187,126,0.75,5
377.0,246,250,246,0.75,2
368.5,3,125,1,0.75,5
247,1,0,0,0.75,3
249,1,2,0,0.75,4
376.5,247,250,247,0.75,2
372,1,125,0,0.75,5
376.0,248,250,248,0.75,2
249,1,2,0,0.75,4
250,0,0,0,0.75,3
375,0,125,0,0.75,5
250,0,0,0,0.75,3
332.5,235,235,221,0.75,4
377.0,246,250,246,0.75,2
375,0,125,0,0.75,5
377.0,246,250,246,0.75,2
251,0,1,0,0.75,4
244,2,0,0,0.75,3
372,1,125,0,0.75,5
251,0,1,0,0.75,4
250,0,0,0,0.75,3
244,2,0,0,0.75,3
249,1,2,0,0.75,4
376.0,248,250,248,0.75,2
371.5,2,125,1,0.75,5
376.5,247,250,247,0.75,2
361.5,157,200,153,0.75,5
244,2,0,0,0.75,3
251.5,1,2,1,0.75,4
376.5,247,250,247,0.75,2
368.5,3,125,1,0.75,5
376.5,247,250,247,0.75,2
251,0,1,0,0.75,4
247,1,0,0,0.75,3
375,0,125,0,0.75,5
244,2,0,0,0.75,3
249,1,2,0,0.75,4
376.5,247,250,247,0.75,2
375.0,248,249,248,0.75,5
376.5,247,250,247,0.75,2
251,0,1,0,0.75,4
247,1,0,0,0.75,3
375,0,125,0,0.75,5
251,0,1,0,0.75,4
250,0,0,0,0.75,3
247,1,0,0,0.75,3
249,1,2,0,0.75,4
375.5,249,250,249,0.75,2
375,0,125,0,0.75,5
376.0,248,250,248,0.75,2
368.5,3,125,1,0.75,5
250,0,0,0,0.75,3
251,0,1,0,0.75,4
377.0,246,250,246,0.75,2
371.5,2,125,1,0.75,5
377.0,246,250,246,0.75,2
363.0,246,246,242,0.75,4
250,0,0,0,0.75,3
375.0,248,249,248,0.75,5
250,0,0,0,0.75,3
368.5,247,247,245,0.75,4
375.5,249,250,249,0.75,2
368,2,124,0,0.75,5
376.0,248,250,248,0.75,2
249,1,2,0,0.75,4
247,1,0,0,0.75,3
375.0,2,126,2,0.75,5
252.0,2,3,2,0.75,4
247,1,0,0,0.75,3
247,1,0,0,0.75,3
251,0,1,0,0.75,4
376.5,247,250,247,0.75,2
375,0,125,0,0.75,5
376.0,248,250,248,0.75,2
365,3,124,0,0.75,5
250,0,0,0,0.75,3
249,1,2,0,0.75,4
377.0,246,250,246,0.75,2
371.5,248,248,247,0.75,5
376.5,247,250,247,0.75,2
372.0,249,249,248,0.75,4
247,1,0,0,0.75,3
368,2,124,0,0.75,5
250,0,0,0,0.75,3
372.0,249,249,248,0.75,4
377.0,246,250,246,0.75,2
368,2,124,0,0.75,5
376.5,247,250,247,0.75,2
249,1,2,0,0.75,4
247,1,0,0,0.75,3
375,0,125,0,0.75,5
249,1,2,0,0.75,4
250,0,0,0,0.75,3
250,0,0,0,0.75,3
363.0,246,246,242,0.75,4
376.0,248,250,248,0.75,2
375,0,125,0,0.75,5
377.0,246,250,246,0.75,2
372,1,125,0,0.75,5
247,1,0,0,0.75,3
251,0,1,0,0.75,4
377.0,246,250,246,0.75,2
368.5,3,125,1,0.75,5
375.5,249,250,249,0.75,2
251,0,1,0,0.75,4
247,1,0,0,0.75,3
375,0,125,0,0.75,5
247,1,0,0,0.75,3
251,0,1,0,0.75,4
377.0,246,250,246,0.75,2
371.5,248,248,247,0.75,5
377.0,246,250,246,0.75,2
251,0,1,0,0.75,4
250,0,0,0,0.75,3
372,1,125,0,0.75,5
251,0,1,0,0.75,4
244,2,0,0,0.75,3
247,1,0,0,0.75,3
249,1,2,0,0.75,4
376.5,247,250,247,0.75,2
368.0,140,193,138,0.75,5
377.0,246,250,246,0.75,2
365,3,124,0,0.75,5
250,0,0,0,0.75,3
251,0,1,0,0.75,4
376.5,247,250,247,0.75,2
371.5,2,125,1,0.75,5
377.0,246,250,246,0.75,2
251,0,1,0,0.75,4
247,1,0,0,0.75,3
372,1,125,0,0.75,5
241,3,0,0,0.75,3
251,0,1,0,0.75,4
376.5,247,250,247,0.75,2
375,0,125,0,0.75,5
376.0,248,250,248,0.75,2
356.5,243,243,237,0.75,4
244,2,0,0,0.75,3
375,0,125,0,0.75,5
249,1,2,0,0.75,4
250,0,0,0,0.75,3
247,1,0,0,0.75,3
251,0,1,0,0.75,4
376.5,247,250,247,0.75,2
372,1,125,0,0.75,5
376.5,247,250,247,0.75,2
371.5,242,245,241,0.75,5
247,1,0,0,0.75,3
369.0,248,248,246,0.75,4
376.0,248,250,248,0.75,2
375,0,125,0,0.75,5
375.5,249,250,249,0.75,2
247,2,3,0,0.75,4
247,1,0,0,0.75,3
368.5,3,125,1,0.75,5
250,0,0,0,0.75,3
249,1,2,0,0.75,4
377.0,246,250,246,0.75,2
371.5,2,125,1,0.75,5
376.5,247,250,247,0.75,2
251,0,1,0,0.75,4
244,2,0,0,0.75,3
375,0,125,0,0.75,5
251,0,1,0,0.75,4
244,2,0,0,0.75,3
244,2,0,0,0.75,3
372.0,249,249,248,0.75,4
376.5,247,250,247,0.75,2
371.5,2,125,1,0.75,5
377.0,246,250,246,0.75,2
368.5,3,125,1,0.75,5
247,1,0,0,0.75,3
251,0,1,0,0.75,4
376.5,247,250,247,0.75,2
375,0,125,0,0.75,5
376.5,247,250,247,0.75,2
251,0,1,0,0.75,4
247,1,0,0,0.75,3
368.5,159,203,157,0.75,5
247,1,0,0,0.75,3
251,0,1,0,0.75,4
377.0,246,250,246,0.75,2
365,3,124,0,0.75,5
376.5,247,250,247,0.75,2
362.5,245,245,241,0.75,4
247,1,0,0,0.75,3
368.5,191,219,189,0.75,5
251,0,1,0,0.75,4
244,2,0,0,0.75,3
247,1,0,0,0.75,3
251.5,1,2,1,0.75,4
377.0,246,250,246,0.75,2
368,2,124,0,0.75,5
376.0,248,250,248,0.75,2
364.5,4,124,1,0.75,5
247,1,0,0,0.75,3
249,1,2,0,0.75,4
376.5,247,250,247,0.75,2
368.5,3,125,1,0.75,5
377.0,246,250,246,0.75,2
371.5,248,248,247,0.75,4
247,1,0,0,0.75,3
375,0,125,0,0.75,5
247,1,0,0,0.75,3
356.5,243,243,237,0.75,4
377.0,246,250,246,0.75,2
365,3,124,0,0.75,5
376.5,247,250,247,0.75,2
249,1,2,0,0.75,4
247,1,0,0,0.75,3
368,2,124,0,0.75,5
251,0,1,0,0.75,4
244,2,0,0,0.75,3
247,1,0,0,0.75,3
249,1,2,0,0.75,4
377.0,246,250,246,0.75,2
375.0,2,126,2,0.75,5
377.0,246,250,246,0.75,2
365,3,124,0,0.75,5
247,1,0,0,0.8,3
251,0,1,0,0.8,4
377.0,246,250,246,0.8,2
375,0,125,0,0.8,5
377.0,246,250,246,0.8,2
363.0,246,246,242,0.8,4
250,0,0,0,0.8,3
365,3,124,0,0.8,5
247,1,0,0,0.8,3
251,0,1,0,0.8,4
377.0,246,250,246,0.8,2
375,0,125,0,0.8,5
377.5,245,250,245,0.8,2
372.0,249,249,248,0.8,4
250,0,0,0,0.8,3
375,0,125,0,0.8,5
251,0,1,0,0.8,4
247,1,0,0,0.8,3
247,1,0,0,0.8,3
249,1,2,0,0.8,4
376.5,247,250,247,0.8,2
372.0,3,126,2,0.8,5
376.5,247,250,247,0.8,2
372,1,125,0,0.8,5
247,1,0,0,0.8,3
251,0,1,0,0.8,4
376.0,248,250,248,0.8,2
372,1,125,0,0.8,5
377.5,245,250,245,0.8,2
251,0,1,0,0.8,4
250,0,0,0,0.8,3
372.0,3,126,2,0.8,5
250,0,0,0,0.8,3
369.0,248,248,246,0.8,4
377.5,245,250,245,0.8,2
375.0,248,249,248,0.8,5
376.0,248,250,248,0.8,2
251,0,1,0,0.8,4
247,1,0,0,0.8,3
368,2,124,0,0.8,5
243,4,5,0,0.8,4
247,1,0,0,0.8,3
250,0,0,0,0.8,3
249,1,2,0,0.8,4
377.5,245,250,245,0.8,2
375,0,125,0,0.8,5
377.0,246,250,246,0.8,2
361.5,7,125,3,0.8,5
250,0,0,0,0.8,3
241,5,6,0,0.8,4
376.5,247,250,247,0.8,2
368,2,124,0,0.8,5
376.5,247,250,247,0.8,2
249,1,2,0,0.8,4
247,1,0,0,0.8,3
368,2,124,0,0.8,5
250,0,0,0,0.8,3
362.5,245,245,241,0.8,4
377.0,246,250,246,0.8,2
368,2,124,0,0.8,5
376.5,247,250,247,0.8,2
251,0,1,0,0.8,4
250,0,0,0,0.8,3
365,3,124,0,0.8,5
249,1,2,0,0.8,4
247,1,0,0,0.8,3
250,0,0,0,0.8,3
369.0,248,248,246,0.8,4
376.5,247,250,247,0.8,2
375,0,125,0,0.8,5
377.0,246,250,246,0.8,2
372,1,125,0,0.8,5
250,0,0,0,0.8,3
251,0,1,0,0.8,4
376.5,247,250,247,0.8,2
375,0,125,0,0.8,5
376.0,248,250,248,0.8,2
249,1,2,0,0.8,4
247,1,0,0,0.8,3
375,0,125,0,0.8,5
247,1,0,0,0.8,3
372.0,249,249,248,0.8,4
376.5,247,250,247,0.8,2
375,0,125,0,0.8,5
376.0,248,250,248,0.8,2
251,0,1,0,0.8,4
247,1,0,0,0.8,3
375,0,125,0,0.8,5
251.5,1,2,1,0.8,4
244,2,0,0,0.8,3
250,0,0,0,0.8,3
249.5,2,3,1,0.8,4
376.5,247,250,247,0.8,2
368,2,124,0,0.8,5
376.5,247,250,247,0.8,2
372,1,125,0,0.8,5
250,0,0,0,0.8,3
251,0,1,0,0.8,4
376.5,247,250,247,0.8,2
371.5,2,125,1,0.8,5
377.5,245,250,245,0.8,2
251.5,1,2,1,0.8,4
250,0,0,0,0.8,3
368,2,124,0,0.8,5
250,0,0,0,0.8,3
249,1,2,0,0.8,4
377.0,246,250,246,0.8,2
372,1,125,0,0.8,5
377.0,246,250,246,0.8,2
249,1,2,0,0.8,4
247,1,0,0,0.8,3
371.5,2,125,1,0.8,5
251.5,1,2,1,0.8,4
250,0,0,0,0.8,3
247,1,0,0,0.8,3
251,0,1,0,0.8,4
376.5,247,250,247,0.8,2
368,2,124,0,0.8,5
377.0,246,250,246,0.8,2
372,1,125,0,0.8,5
247,1,0,0,0.8,3
251,0,1,0,0.8,4
377.0,246,250,246,0.8,2
371.5,2,125,1,0.8,5
377.0,246,250,246,0.8,2
359.5,244,244,239,0.8,4
250,0,0,0,0.8,3
368,2,124,0,0.8,5
247,1,0,0,0.8,3
251,0,1,0,0.8,4
377.5,245,250,245,0.8,2
375,0,125,0,0.8,5
376.5,247,250,247,0.8,2
251,0,1,0,0.8,4
247,1,0,0,0.8,3
375,0,125,0,0.8,5
251,0,1,0,0.8,4
247,1,0,0,0.8,3
247,1,0,0,0.8,3
249,1,2,0,0.8,4
376.5,247,250,247,0.8,2
375,0,125,0,0.8,5
376.5,247,250,247,0.8,2
372,1,125,0,0.8,5
247,1,0,0,0.8,3
251.5,1,2,1,0.8,4
377.5,245,250,245,0.8,2
375,0,125,0,0.8,5
376.5,247,250,247,0.8,2
249,1,2,0,0.8,4
250,0,0,0,0.8,3
368,2,124,0,0.8,5
250,0,0,0,0.8,3
249,1,2,0,0.8,4
376.5,247,250,247,0.8,2
371.5,2,125,1,0.8,5
376.5,247,250,247,0.8,2
251,0,1,0,0.8,4
247,1,0,0,0.8,3
371.5,246,247,245,0.8,5
251,0,1,0,0.8,4
250,0,0,0,0.8,3
250,0,0,0,0.8,3
249.5,2,3,1,0.8,4
376.5,247,250,247,0.8,2
375,0,125,0,0.8,5
377.0,246,250,246,0.8,2
368,2,124,0,0.8,5
247,1,0,0,0.8,3
251,0,1,0,0.8,4
376.5,247,250,247,0.8,2
368,2,124,0,0.8,5
376.0,248,250,248,0.8,2
251.5,1,2,1,0.8,4
247,1,0,0,0.8,3
371.5,2,125,1,0.8,5
247,1,0,0,0.8,3
251,0,1,0,0.8,4
376.5,247,250,247,0.8,2
375,0,125,0,0.8,5
376.0,248,250,248,0.8,2
251,0,1,0,0.8,4
244,2,0,0,0.8,3
375,0,125,0,0.8,5
249,1,2,0,0.8,4
247,1,0,0,0.8,3
250,0,0,0,0.8,3
249.5,2,3,1,0.8,4
376.0,248,250,248,0.8,2
375,0,125,0,0.8,5
376.5,247,250,247,0.8,2
372,1,125,0,0.8,5
247,1,0,0,0.8,3
366.0,247,247,244,0.8,4
377.0,246,250,246,0.8,2
375,0,125,0,0.8,5
377.0,246,250,246,0.8,2
251.5,1,2,1,0.8,4
247,1,0,0,0.8,3
375,0,125,0,0.8,5
244,2,0,0,0.8,3
249,1,2,0,0.8,4
375.5,249,250,249,0.8,2
375.0,248,249,248,0.8,5
377.0,246,250,246,0.8,2
251,0,1,0,0.8,4
250,0,0,0,0.8,3
368,2,124,0,0.8,5
251.5,1,2,1,0.8,4
250,0,0,0,0.8,3
250,0,0,0,0.8,3
247,2,3,0,0.8,4
376.5,247,250,247,0.8,2
368.5,3,125,1,0.8,5
377.5,245,250,245,0.8,2
371.5,244,246,243,0.8,5
250,0,0,0,0.8,3
251,0,1,0,0.8,4
376.5,247,250,247,0.8,2
368,2,124,0,0.8,5
376.0,248,250,248,0.8,2
363.0,246,246,242,0.8,4
250,0,0,0,0.8,3
375,0,125,0,0.8,5
250,0,0,0,0.8,3
251,0,1,0,0.8,4
376.5,247,250,247,0.8,2
371.5,2,125,1,0.8,5
376.5,247,250,247,0.8,2
251.5,1,2,1,0.8,4
250,0,0,0,0.8,3
365,3,124,0,0.8,5
249,1,2,0,0.8,4
247,1,0,0,0.8,3
247,1,0,0,0.8,3
249,1,2,0,0.8,4
377.0,246,250,246,0.8,2
375,0,125,0,0.8,5
377.0,246,250,246,0.8,2
368.5,3,125,1,0.8,5
247,1,0,0,0.85,3
362.5,245,245,241,0.85,4
377.0,246,250,246,0.85,2
375,0,125,0,0.85,5
377.0,246,250,246,0.85,2
344.5,239,239,229,0.85,4
247,1,0,0,0.85,3
368,2,124,0,0.85,5
250,0,0,0,0.85,3
351.0,242,242,234,0.85,4
377.0,246,250,246,0.85,2
375,0,125,0,0.85,5
377.0,246,250,246,0.85,2
251,0,1,0,0.85,4
250,0,0,0,0.85,3
375,0,125,0,0.85,5
369.0,248,248,246,0.85,4
247,1,0,0,0.85,3
250,0,0,0,0.85,3
362.5,245,245,241,0.85,4
376.5,247,250,247,0.85,2
375,0,125,0,0.85,5
377.0,246,250,246,0.85,2
372,1,125,0,0.85,5
250,0,0,0,0.85,3
251,0,1,0,0.85,4
376.5,247,250,247,0.85,2
368,2,124,0,0.85,5
376.5,247,250,247,0.85,2
249,1,2,0,0.85,4
250,0,0,0,0.85,3
375,0,125,0,0.85,5
247,1,0,0,0.85,3
249,1,2,0,0.85,4
376.5,247,250,247,0.85,2
375,0,125,0,0.85,5
375.5,249,250,249,0.85,2
249,1,2,0,0.85,4
244,2,0,0,0.85,3
368.0,4,125,2,0.85,5
251,0,1,0,0.85,4
250,0,0,0,0.85,3
250,0,0,0,0.85,3
247,2,3,0,0.85,4
376.5,247,250,247,0.85,2
375,0,125,0,0.85,5
376.0,248,250,248,0.85,2
368.0,4,125,2,0.85,5
247,1,0,0,0.85,3
251,0,1,0,0.85,4
377.5,245,250,245,0.85,2
372,1,125,0,0.85,5
376.5,247,250,247,0.85,2
239,6,7,0,0.85,4
247,1,0,0,0.85,3
375,0,125,0,0.85,5
247,1,0,0,0.85,3
251.5,1,2,1,0.85,4
377.5,245,250,245,0.85,2
375,0,125,0,0.85,5
376.0,248,250,248,0.85,2
251,0,1,0,0.85,4
247,1,0,0,0.85,3
375.0,248,249,248,0.85,5
249,1,2,0,0.85,4
247,1,0,0,0.85,3
250,0,0,0,0.85,3
251,0,1,0,0.85,4
377.0,246,250,246,0.85,2
375,0,125,0,0.85,5
376.5,247,250,247,0.85,2
368.0,240,243,238,0.85,5
244,2,0,0,0.85,3
251.5,1,2,1,0.85,4
376.0,248,250,248,0.85,2
368.5,3,125,1,0.85,5
377.0,246,250,246,0.85,2
353.5,242,242,235,0.85,4
250,0,0,0,0.85,3
371.5,246,247,245,0.85,5
247,1,0,0,0.85,3
354.0,243,243,236,0.85,4
376.5,247,250,247,0.85,2
368.5,3,125,1,0.85,5
376.0,248,250,248,0.85,2
251,0,1,0,0.85,4
247,1,0,0,0.85,3
368,2,124,0,0.85,5
251,0,1,0,0.85,4
247,1,0,0,0.85,3
250,0,0,0,0.85,3
251.5,1,2,1,0.85,4
377.0,246,250,246,0.85,2
375,0,125,0,0.85,5
376.5,247,250,247,0.85,2
375,0,125,0,0.85,5
250,0,0,0,0.85,3
251,0,1,0,0.85,4
376.5,247,250,247,0.85,2
375,0,125,0,0.85,5
377.0,246,250,246,0.85,2
251,0,1,0,0.85,4
250,0,0,0,0.85,3
375.0,246,248,246,0.85,5
247,1,0,0,0.85,3
359.5,244,244,239,0.85,4
376.5,247,250,247,0.85,2
372,1,125,0,0.85,5
377.5,245,250,245,0.85,2
251,0,1,0,0.85,4
250,0,0,0,0.85,3
375,0,125,0,0.85,5
251,0,1,0,0.85,4
250,0,0,0,0.85,3
250,0,0,0,0.85,3
251,0,1,0,0.85,4
377.0,246,250,246,0.85,2
365,3,124,0,0.85,5
377.0,246,250,246,0.85,2
371.5,2,125,1,0.85,5
250,0,0,0,0.85,3
249,1,2,0,0.85,4
376.5,247,250,247,0.85,2
372,1,125,0,0.85,5
377.0,246,250,246,0.85,2
251,0,1,0,0.85,4
250,0,0,0,0.85,3
375,0,125,0,0.85,5
250,0,0,0,0.85,3
359.5,244,244,239,0.85,4
376.5,247,250,247,0.85,2
371.5,2,125,1,0.85,5
377.0,246,250,246,0.85,2
249,1,2,0,0.85,4
250,0,0,0,0.85,3
375,0,125,0,0.85,5
251,0,1,0,0.85,4
250,0,0,0,0.85,3
247,1,0,0,0.85,3
251,0,1,0,0.85,4
376.5,247,250,247,0.85,2
372,1,125,0,0.85,5
377.0,246,250,246,0.85,2
372,1,125,0,0.85,5
250,0,0,0,0.85,3
249,1,2,0,0.85,4
376.5,247,250,247,0.85,2
371.5,2,125,1,0.85,5
377.5,245,250,245,0.85,2
247,2,3,0,0.85,4
250,0,0,0,0.85,3
371.5,2,125,1,0.85,5
247,1,0,0,0.85,3
251,0,1,0,0.85,4
377.5,245,250,245,0.85,2
375.0,246,248,246,0.85,5
377.0,246,250,246,0.85,2
338.5,237,237,225,0.85,4
247,1,0,0,0.85,3
371.5,2,125,1,0.85,5
243,4,5,0,0.85,4
250,0,0,0,0.85,3
247,1,0,0,0.85,3
251,0,1,0,0.85,4
377.0,246,250,246,0.85,2
368.5,3,125,1,0.85,5
377.0,246,250,246,0.85,2
371.5,2,125,1,0.85,5
250,0,0,0,0.85,3
251,0,1,0,0.85,4
377.0,246,250,246,0.85,2
375,0,125,0,0.85,5
377.0,246,250,246,0.85,2
251,0,1,0,0.85,4
250,0,0,0,0.85,3
375,0,125,0,0.85,5
244,2,0,0,0.85,3
251.5,1,2,1,0.85,4
377.0,246,250,246,0.85,2
375,0,125,0,0.85,5
377.0,246,250,246,0.85,2
251,0,1,0,0.85,4
250,0,0,0,0.85,3
368,2,124,0,0.85,5
249,1,2,0,0.85,4
247,1,0,0,0.85,3
247,1,0,0,0.85,3
359.5,244,244,239,0.85,4
376.5,247,250,247,0.85,2
375,0,125,0,0.85,5
377.0,246,250,246,0.85,2
375,0,125,0,0.85,5
250,0,0,0,0.85,3
251,0,1,0,0.85,4
377.0,246,250,246,0.85,2
368,2,124,0,0.85,5
377.0,246,250,246,0.85,2
251,0,1,0,0.85,4
250,0,0,0,0.85,3
371.5,4,126,3,0.85,5
250,0,0,0,0.85,3
251.5,1,2,1,0.85,4
377.0,246,250,246,0.85,2
371.5,2,125,1,0.85,5
377.0,246,250,246,0.85,2
251.5,1,2,1,0.85,4
244,2,0,0,0.85,3
371.5,2,125,1,0.85,5
251,0,1,0,0.85,4
250,0,0,0,0.85,3
250,0,0,0,0.85,3
251,0,1,0,0.85,4
377.0,246,250,246,0.85,2
375,0,125,0,0.85,5
376.0,248,250,248,0.85,2
375,0,125,0,0.85,5
247,1,0,0,0.85,3
251,0,1,0,0.85,4
377.0,246,250,246,0.85,2
375.0,2,126,2,0.85,5
376.5,247,250,247,0.85,2
353.5,242,242,235,0.85,4
250,0,0,0,0.85,3
375,0,125,0,0.85,5
250,0,0,0,0.85,3
251,0,1,0,0.85,4
377.0,246,250,246,0.85,2
368.0,4,125,2,0.85,5
377.0,246,250,246,0.85,2
251,0,1,0,0.85,4
250,0,0,0,0.85,3
371.5,2,125,1,0.85,5
251,0,1,0,0.85,4
247,1,0,0,0.85,3
250,0,0,0,0.85,3
335.5,236,236,223,0.85,4
376.5,247,250,247,0.85,2
372,1,125,0,0.85,5
378.0,244,250,244,0.85,2
375,0,125,0,0.85,5
250,0,0,0,0.9,3
251,0,1,0,0.9,4
377.0,246,250,246,0.9,2
375,0,125,0,0.9,5
377.5,245,250,245,0.9,2
251,0,1,0,0.9,4
250,0,0,0,0.9,3
375,0,125,0,0.9,5
247,1,0,0,0.9,3
251,0,1,0,0.9,4
377.5,245,250,245,0.9,2
375,0,125,0,0.9,5
376.5,247,250,247,0.9,2
251,0,1,0,0.9,4
247,1,0,0,0.9,3
375,0,125,0,0.9,5
249,1,2,0,0.9,4
250,0,0,0,0.9,3
247,1,0,0,0.9,3
251,0,1,0,0.9,4
377.0,246,250,246,0.9,2
375,0,125,0,0.9,5
376.5,247,250,247,0.9,2
358.0,171,206,166,0.9,5
250,0,0,0,0.9,3
235.5,9,10,1,0.9,4
376.5,247,250,247,0.9,2
368,2,124,0,0.9,5
376.5,247,250,247,0.9,2
249,1,2,0,0.9,4
250,0,0,0,0.9,3
368,2,124,0,0.9,5
250,0,0,0,0.9,3
251,0,1,0,0.9,4
376.5,247,250,247,0.9,2
368.5,3,125,1,0.9,5
377.5,245,250,245,0.9,2
251,0,1,0,0.9,4
250,0,0,0,0.9,3
375,0,125,0,0.9,5
251,0,1,0,0.9,4
247,1,0,0,0.9,3
250,0,0,0,0.9,3
249,1,2,0,0.9,4
377.0,246,250,246,0.9,2
375,0,125,0,0.9,5
377.0,246,250,246,0.9,2
368,2,124,0,0.9,5
250,0,0,0,0.9,3
245,3,4,0,0.9,4
377.0,246,250,246,0.9,2
375.0,248,249,248,0.9,5
376.0,248,250,248,0.9,2
251.5,1,2,1,0.9,4
250,0,0,0,0.9,3
375,0,125,0,0.9,5
250,0,0,0,0.9,3
251,0,1,0,0.9,4
377.0,246,250,246,0.9,2
375,0,125,0,0.9,5
377.0,246,250,246,0.9,2
245,3,4,0,0.9,4
250,0,0,0,0.9,3
375,0,125,0,0.9,5
251,0,1,0,0.9,4
250,0,0,0,0.9,3
250,0,0,0,0.9,3
251,0,1,0,0.9,4
377.0,246,250,246,0.9,2
375,0,125,0,0.9,5
377.5,245,250,245,0.9,2
375,0,125,0,0.9,5
250,0,0,0,0.9,3
251,0,1,0,0.9,4
377.0,246,250,246,0.9,2
375,0,125,0,0.9,5
376.5,247,250,247,0.9,2
249,1,2,0,0.9,4
250,0,0,0,0.9,3
375,0,125,0,0.9,5
250,0,0,0,0.9,3
251,0,1,0,0.9,4
377.5,245,250,245,0.9,2
375,0,125,0,0.9,5
377.5,245,250,245,0.9,2
251,0,1,0,0.9,4
250,0,0,0,0.9,3
372.0,3,126,2,0.9,5
249,1,2,0,0.9,4
250,0,0,0,0.9,3
250,0,0,0,0.9,3
251,0,1,0,0.9,4
377.5,245,250,245,0.9,2
371.5,2,125,1,0.9,5
376.5,247,250,247,0.9,2
375,0,125,0,0.9,5
250,0,0,0,0.9,3
251,0,1,0,0.9,4
376.5,247,250,247,0.9,2
375,0,125,0,0.9,5
377.0,246,250,246,0.9,2
251,0,1,0,0.9,4
250,0,0,0,0.9,3
371.5,2,125,1,0.9,5
250,0,0,0,0.9,3
251,0,1,0,0.9,4
376.0,248,250,248,0.9,2
375,0,125,0,0.9,5
377.0,246,250,246,0.9,2
251,0,1,0,0.9,4
250,0,0,0,0.9,3
375,0,125,0,0.9,5
251,0,1,0,0.9,4
250,0,0,0,0.9,3
250,0,0,0,0.9,3
251,0,1,0,0.9,4
376.5,247,250,247,0.9,2
375,0,125,0,0.9,5
377.0,246,250,246,0.9,2
375,0,125,0,0.9,5
250,0,0,0,0.9,3
251,0,1,0,0.9,4
377.5,245,250,245,0.9,2
375,0,125,0,0.9,5
377.0,246,250,246,0.9,2
251,0,1,0,0.9,4
250,0,0,0,0.9,3
371.5,2,125,1,0.9,5
247,1,0,0,0.9,3
251,0,1,0,0.9,4
377.0,246,250,246,0.9,2
368,2,124,0,0.9,5
377.0,246,250,246,0.9,2
251.5,1,2,1,0.9,4
247,1,0,0,0.9,3
375,0,125,0,0.9,5
251,0,1,0,0.9,4
250,0,0,0,0.9,3
250,0,0,0,0.9,3
251,0,1,0,0.9,4
377.0,246,250,246,0.9,2
375,0,125,0,0.9,5
376.5,247,250,247,0.9,2
372,1,125,0,0.9,5
247,1,0,0,0.9,3
249,1,2,0,0.9,4
377.0,246,250,246,0.9,2
372,1,125,0,0.9,5
377.0,246,250,246,0.9,2
251.5,1,2,1,0.9,4
247,1,0,0,0.9,3
368,2,124,0,0.9,5
250,0,0,0,0.9,3
251,0,1,0,0.9,4
376.5,247,250,247,0.9,2
375,0,125,0,0.9,5
377.0,246,250,246,0.9,2
249,1,2,0,0.9,4
250,0,0,0,0.9,3
368,2,124,0,0.9,5
251,0,1,0,0.9,4
250,0,0,0,0.9,3
247,1,0,0,0.9,3
249,1,2,0,0.9,4
377.0,246,250,246,0.9,2
368,2,124,0,0.9,5
377.5,245,250,245,0.9,2
375,0,125,0,0.9,5
250,0,0,0,0.9,3
375.0,250,250,250,0.9,4
376.5,247,250,247,0.9,2
375,0,125,0,0.9,5
377.0,246,250,246,0.9,2
249,1,2,0,0.9,4
250,0,0,0,0.9,3
375,0,125,0,0.9,5
250,0,0,0,0.9,3
251,0,1,0,0.9,4
377.0,246,250,246,0.9,2
368,2,124,0,0.9,5
376.5,247,250,247,0.9,2
249,1,2,0,0.9,4
250,0,0,0,0.9,3
368.5,3,125,1,0.9,5
243,4,5,0,0.9,4
250,0,0,0,0.9,3
250,0,0,0,0.9,3
249,1,2,0,0.9,4
376.0,248,250,248,0.9,2
372,1,125,0,0.9,5
376.5,247,250,247,0.9,2
375,0,125,0,0.9,5
250,0,0,0,0.9,3
369.0,248,248,246,0.9,4
377.0,246,250,246,0.9,2
371.5,2,125,1,0.9,5
377.5,245,250,245,0.9,2
350.5,241,241,233,0.9,4
250,0,0,0,0.9,3
375,0,125,0,0.9,5
250,0,0,0,0.9,3
249,1,2,0,0.9,4
377.5,245,250,245,0.9,2
375,0,125,0,0.9,5
376.5,247,250,247,0.9,2
251.5,1,2,1,0.9,4
244,2,0,0,0.9,3
375,0,125,0,0.9,5
251,0,1,0,0.9,4
250,0,0,0,0.9,3
250,0,0,0,0.9,3
251,0,1,0,0.9,4
376.5,247,250,247,0.9,2
375,0,125,0,0.9,5
378.0,244,250,244,0.9,2
375,0,125,0,0.9,5
250,0,0,0,0.9,3
251,0,1,0,0.9,4
377.0,246,250,246,0.9,2
375,0,125,0,0.9,5
377.0,246,250,246,0.9,2
251,0,1,0,0.9,4
247,1,0,0,0.9,3
375,0,125,0,0.9,5
250,0,0,0,0.9,3
249,1,2,0,0.9,4
377.0,246,250,246,0.9,2
375,0,125,0,0.9,5
377.0,246,250,246,0.9,2
251,0,1,0,0.9,4
250,0,0,0,0.9,3
368,2,124,0,0.9,5
251,0,1,0,0.9,4
247,1,0,0,0.9,3
247,1,0,0,0.9,3
251,0,1,0,0.9,4
377.0,246,250,246,0.9,2
372,1,125,0,0.9,5
376.5,247,250,247,0.9,2
368.0,238,242,236,0.9,5
250,0,0,0,0.95,3
251,0,1,0,0.95,4
377.0,246,250,246,0.95,2
368,2,124,0,0.95,5
377.0,246,250,246,0.95,2
251,0,1,0,0.95,4
250,0,0,0,0.95,3
375,0,125,0,0.95,5
250,0,0,0,0.95,3
251,0,1,0,0.95,4
378.0,244,250,244,0.95,2
375,0,125,0,0.95,5
377.0,246,250,246,0.95,2
239,6,7,0,0.95,4
250,0,0,0,0.95,3
375,0,125,0,0.95,5
251,0,1,0,0.95,4
250,0,0,0,0.95,3
247,1,0,0,0.95,3
251,0,1,0,0.95,4
376.5,247,250,247,0.95,2
375,0,125,0,0.95,5
377.0,246,250,246,0.95,2
375,0,125,0,0.95,5
250,0,0,0,0.95,3
251,0,1,0,0.95,4
378.0,244,250,244,0.95,2
375,0,125,0,0.95,5
377.0,246,250,246,0.95,2
251,0,1,0,0.95,4
250,0,0,0,0.95,3
375,0,125,0,0.95,5
250,0,0,0,0.95,3
251,0,1,0,0.95,4
376.5,247,250,247,0.95,2
375,0,125,0,0.95,5
376.5,247,250,247,0.95,2
249,1,2,0,0.95,4
247,1,0,0,0.95,3
375,0,125,0,0.95,5
251,0,1,0,0.95,4
250,0,0,0,0.95,3
250,0,0,0,0.95,3
251,0,1,0,0.95,4
377.0,246,250,246,0.95,2
375,0,125,0,0.95,5
376.5,247,250,247,0.95,2
375,0,125,0,0.95,5
250,0,0,0,0.95,3
251,0,1,0,0.95,4
377.0,246,250,246,0.95,2
375,0,125,0,0.95,5
377.0,246,250,246,0.95,2
251,0,1,0,0.95,4
250,0,0,0,0.95,3
375,0,125,0,0.95,5
250,0,0,0,0.95,3
332.5,235,235,221,0.95,4
377.0,246,250,246,0.95,2
375,0,125,0,0.95,5
378.0,244,250,244,0.95,2
251,0,1,0,0.95,4
250,0,0,0,0.95,3
375,0,125,0,0.95,5
251,0,1,0,0.95,4
250,0,0,0,0.95,3
250,0,0,0,0.95,3
251,0,1,0,0.95,4
377.0,246,250,246,0.95,2
375,0,125,0,0.95,5
377.0,246,250,246,0.95,2
375,0,125,0,0.95,5
250,0,0,0,0.95,3
251,0,1,0,0.95,4
376.5,247,250,247,0.95,2
375,0,125,0,0.95,5
376.5,247,250,247,0.95,2
251,0,1,0,0.95,4
250,0,0,0,0.95,3
375,0,125,0,0.95,5
250,0,0,0,0.95,3
249,1,2,0,0.95,4
377.0,246,250,246,0.95,2
375,0,125,0,0.95,5
377.5,245,250,245,0.95,2
251,0,1,0,0.95,4
250,0,0,0,0.95,3
368.5,3,125,1,0.95,5
251,0,1,0,0.95,4
250,0,0,0,0.95,3
250,0,0,0,0.95,3
251,0,1,0,0.95,4
376.0,248,250,248,0.95,2
375,0,125,0,0.95,5
376.5,247,250,247,0.95,2
372,1,125,0,0.95,5
250,0,0,0,0.95,3
249,1,2,0,0.95,4
377.5,245,250,245,0.95,2
375,0,125,0,0.95,5
377.0,246,250,246,0.95,2
251,0,1,0,0.95,4
250,0,0,0,0.95,3
375,0,125,0,0.95,5
247,1,0,0,0.95,3
251,0,1,0,0.95,4
377.0,246,250,246,0.95,2
375,0,125,0,0.95,5
377.5,245,250,245,0.95,2
251,0,1,0,0.95,4
250,0,0,0,0.95,3
375,0,125,0,0.95,5
247.5,3,4,1,0.95,4
250,0,0,0,0.95,3
250,0,0,0,0.95,3
251,0,1,0,0.95,4
377.0,246,250,246,0.95,2
375,0,125,0,0.95,5
377.0,246,250,246,0.95,2
375,0,125,0,0.95,5
250,0,0,0,0.95,3
251,0,1,0,0.95,4
376.0,248,250,248,0.95,2
375,0,125,0,0.95,5
377.0,246,250,246,0.95,2
251,0,1,0,0.95,4
247,1,0,0,0.95,3
372,1,125,0,0.95,5
247,1,0,0,0.95,3
251,0,1,0,0.95,4
377.0,246,250,246,0.95,2
375,0,125,0,0.95,5
376.5,247,250,247,0.95,2
251,0,1,0,0.95,4
250,0,0,0,0.95,3
375,0,125,0,0.95,5
251,0,1,0,0.95,4
250,0,0,0,0.95,3
250,0,0,0,0.95,3
251,0,1,0,0.95,4
377.5,245,250,245,0.95,2
371.5,2,125,1,0.95,5
377.5,245,250,245,0.95,2
372,1,125,0,0.95,5
250,0,0,0,0.95,3
251,0,1,0,0.95,4
377.0,246,250,246,0.95,2
371.5,2,125,1,0.95,5
376.5,247,250,247,0.95,2
247,2,3,0,0.95,4
250,0,0,0,0.95,3
375,0,125,0,0.95,5
250,0,0,0,0.95,3
251,0,1,0,0.95,4
377.0,246,250,246,0.95,2
375,0,125,0,0.95,5
377.0,246,250,246,0.95,2
251,0,1,0,0.95,4
250,0,0,0,0.95,3
375,0,125,0,0.95,5
251,0,1,0,0.95,4
250,0,0,0,0.95,3
250,0,0,0,0.95,3
251,0,1,0,0.95,4
376.0,248,250,248,0.95,2
375,0,125,0,0.95,5
377.0,246,250,246,0.95,2
375,0,125,0,0.95,5
250,0,0,0,0.95,3
251,0,1,0,0.95,4
377.0,246,250,246,0.95,2
375,0,125,0,0.95,5
377.0,246,250,246,0.95,2
249,1,2,0,0.95,4
250,0,0,0,0.95,3
372,1,125,0,0.95,5
250,0,0,0,0.95,3
251,0,1,0,0.95,4
377.0,246,250,246,0.95,2
375,0,125,0,0.95,5
376.5,247,250,247,0.95,2
247,2,3,0,0.95,4
250,0,0,0,0.95,3
372,1,125,0,0.95,5
251,0,1,0,0.95,4
247,1,0,0,0.95,3
250,0,0,0,0.95,3
251,0,1,0,0.95,4
377.0,246,250,246,0.95,2
368,2,124,0,0.95,5
377.5,245,250,245,0.95,2
375,0,125,0,0.95,5
250,0,0,0,0.95,3
251,0,1,0,0.95,4
376.5,247,250,247,0.95,2
371.5,2,125,1,0.95,5
377.0,246,250,246,0.95,2
251,0,1,0,0.95,4
250,0,0,0,0.95,3
375,0,125,0,0.95,5
250,0,0,0,0.95,3
251,0,1,0,0.95,4
376.0,248,250,248,0.95,2
375,0,125,0,0.95,5
377.0,246,250,246,0.95,2
249,1,2,0,0.95,4
250,0,0,0,0.95,3
375,0,125,0,0.95,5
251,0,1,0,0.95,4
250,0,0,0,0.95,3
250,0,0,0,0.95,3
251,0,1,0,0.95,4
377.5,245,250,245,0.95,2
375,0,125,0,0.95,5
377.5,245,250,245,0.95,2
375,0,125,0,0.95,5
250,0,0,0,0.95,3
251.5,1,2,1,0.95,4
377.0,246,250,246,0.95,2
375,0,125,0,0.95,5
377.0,246,250,246,0.95,2
251,0,1,0,0.95,4
250,0,0,0,0.95,3
375,0,125,0,0.95,5
250,0,0,0,0.95,3
251,0,1,0,0.95,4
377.0,246,250,246,0.95,2
375,0,125,0,0.95,5
377.0,246,250,246,0.95,2
251,0,1,0,0.95,4
250,0,0,0,0.95,3
372,1,125,0,0.95,5
251,0,1,0,0.95,4
250,0,0,0,0.95,3
250,0,0,0,0.95,3
241,5,6,0,0.95,4
377.0,246,250,246,0.95,2
375,0,125,0,0.95,5
377.5,245,250,245,0.95,2
375,0,125,0,0.95,5
